ID,명칭,우편번호,관리자,전화번호,주소,위도,경도,개요,유산구분,문의 및 안내,개장일,쉬는날,체험안내,체험가능연령,수용인원,이용시기,이용시간,주차시설,유모차 대여 여부,애완동물 동반 가능 여부,신용카드 가능 여부,상세정보
"125555","수원 화성 [유네스코 세계유산]","16268","","","경기도 수원시 장안구 영화동 320-2","37.2873511297","127.0121147092","수원화성은 조선 제22대 정조대왕이 장헌세자에 대한 효심으로 부친의 원침을 수원 화산으로 옮긴 후 1796년 9월 완공된 성이다. 수원화성은 조선왕조 제22대 정조대왕이 세자에 책봉되었으나 당쟁에 휘말려 왕위에 오르지 못하고 뒤주 속에서 생을 마감한 아버지 사도세자의 원침을 양주 배봉산에서 조선 최대의 명당인 수원 화산으로 천봉하고 화산 부근에 있던 읍치를 수원 팔달산 아래 지금의 위치로 옮기면서 축성되었다. 정조의 효심이 축성의 근본이 되었을 뿐만 아니라 당쟁에 의한 당파정치 근절과 강력한 왕도정치의 실현을 위한 원대한 정치적 포부가 담긴 정치구상의 중심지로 지어진 것이며 수도 남쪽의 국방요새로 활용하기 위한 것이었다. 수원화성은 중국  일본 등지에서 찾아볼 수 없는 평산성의 형태로 군사적 방어기능과 상업적 기능을 함께 보유하고 있으며 시설의 기능이 가장 과학적이고 합리적이며  실용적인 구조로 되어 있는 동양 성곽의 백미라 할 수 있다.

(출처 : 수원문화재단 홈페이지)","세계 문화 유산","031-290-3600","","연중무휴","null","null","null","null","상시","가능","없음","","null,"주차요금:※ 주차장별 운영정책 상이하므로 홈페이지 참조 요망
관 람 료:무료
화장실:있음
"
"2381381","법기수원지","50646","","","경상남도 양산시 동면 법기로 198-13 ","35.3483965720","129.1062407204","법기 수원지는 부산시 선두구동과 노포동  남산동  청룡동 일대 7천 가구의 식수원으로 사용되고 있으며  정수 없이 먹을 수 있는 청정 수질을 자랑한다. 일제강점기인 1927년 착공해 1932년 완공되었으며  수원지 안에는 침엽수림인 측백나무와 편백을 비롯하여 개잎갈나무 등이 있고  울창한 숲과 둑 위에 있는 수십 년 된 반송 나무가 절경으로 꼽히는 곳이다. 2004년에는 원앙 70여 마리 이상이 발견되는 등 희귀 동식물이 서식하고 있는 곳으로  수십 년간 상수원 보호를 위해 일반인들의 출입이 금지되어 자연 생태계가 잘 보존되어 있는 지역이다. 2011년 7월 일반인들에게 개방되어 많은 사람들이 찾고 있는 곳으로 수려한 자연과 산림욕까지 즐길 수 있는 명소이다.","","055-383-5379","","연중무휴","null","null","null","null","[하절기(4월~10월)] 08:00~18:00<br>
[동절기(11월~3월)] 08:00~17:00","가능","없음","","null,"입 장 료:무료
화장실:있음
"
"2613664","수원통닭거리","16257","","","경기도 수원시 팔달구 정조로800번길 16 (팔달로1가)","37.2794882502","127.0176394272","수원 팔달구 팔달로 100m 길이의 작은 골목에 있는 수원통닭골목은 1970년부터 문을 연 원조 가게부터 신생 가게까지 11곳 정도의 가게가 통닭을 튀겨내고 있는 곳이다. 큰 가마솥에 기름을 붓고 튀기는 것이 수원통닭골목의 전통으로  메뉴는 프라이드와 양념뿐이지만  요즘 치킨과는 다른 고소한 맛으로 인기를 끌고 있다. 통닭골목에서는 1970년대 좌판에 닭장을 놓고 손수 닭을 잡아 튀기던 시절부터 지금까지 통닭골목을 지켜오고 있는 ‘매향통닭’ 할머니와 이 골목에서 유명한 ‘용성통닭’과 ‘진미통닭’ 등을 만날 수 있다. 통닭의 가격이 저렴해 부담이 없으며  푸짐한 양과 독특한 맛에 학생들부터 입소문을 듣고 찾아온 전국 각지의 손님들로 붐빈다.","","수원종합관광안내소 031-228-4672","","연중무휴","null","null","null","null","상시","가능 (공용주차장)<br>요금 (30분 2,000원)","없음","","null,""
"2661475","회동수원지","46329","","","부산광역시 금정구 개좌로 147 ","35.2252550204","129.1166487680","회동수원지는 1930년대 말  가뭄으로 인한 물 부족을 해소하기 위해 조성한 인공저수지다. 경상남도 양산시 원효산 남쪽 계곡에서 발원한 수영강이 철마천과 만나는 부산시 금정구 오륜동과 회동동에 걸쳐 있다. 1964년 상수원 보호구역으로 지정됐던 회동수원지 일대는 45년 만인 지난 2010년 일반에 개방됐다. 부산시 금정구청의 ‘인문학과 함께하는 땅뫼산 소풍여행’은 회동수원지를 따라 조성된 땅뫼산 황토숲길에서 진행된다. 생태의 보고로 불리는 땅뫼산 황토숲길은 상현마을에서 동천교를 잇는 부산갈맷길 8-1구간 중 풍광이 아름다운 곳이다. 1km 남짓 이어지는 길은 오르내림 없이 평탄해 누구나 편하게 걸을 수 있다.","","051-519-4081","","연중무휴","null","null","null","null","상시 개방","가능","없음","","null,"입 장 료:무료
"
"2667588","수원 공방거리","16260","","","경기도 수원시 팔달구 남창동 (남창동)","37.2791132488","127.0151063344","수원 공방거리는 행궁동에 예술가들이 모여 작업을 하는 공방길을 말하며  다양한 공방과 예술가들의 작품을 전시하는 곳으로 사용되는 곳이다. 관광객들을 위한 나무공예  한지공예  리본공예  금속공예와 전통문화를 체험할 수 있 규방공예까지 다양한 체험과 공예품을 판매하기도 하는 곳이다.","","수원관광안내소 031-267-7100","","연중무휴","null","null","null","null","null","불가능","없음","","null,"입 장 료:무료
"
"2718728","성지곡수원지","47100","","","부산광역시 부산진구 새싹로 295 (초읍동)","35.1853692278","129.0424174355","백양산(해발 642m) 기슭에 위치하고 있는 성지곡수원지는 어린이대공원 안에 자리 잡고 있으며 부산지역에 식수를 공급하기 위해 1909년 건립하였으나  1972년 낙동강 상수도 공사가 완공되어 상수원으로서의 기능은 상실하였다. 성지곡수원지 주변으로 상록침엽수인 삼나무  편백 등 각종 수목이 울창하게 조성되어 있어 도심 속 시민들의 휴식공간으로 자리 잡고 있는 곳이다.
사계절 수목이 우거진 성지곡수원지 주변에는 수원지를 끼고 순환하는 2.5km의 산책코스가 조성되어 있어  언제나 시민들로 가득하다. 울창한 편백나무숲  고즈넉한 호수  그리고 피톤치드 가득한 산책로는 부산 시민이라면 누구나 추억 한 자락씩 간직하지 않은 이가 없을 정도로 예전부터 시민들에게 사랑받는 장소였다.","","051-860-7848","","연중무휴","null","null","null","null","상시","가능 (공영유료주차장 이용, 소형차 약 100대)<br>요금 (유료)","없음","","null,"입 장 료:무료
화장실:있음
시설이용료:무료
"
"2739473","수원올림픽공원","16571","","","경기도 수원시 권선구 효원로256번길 16 (권선동)","37.2615266370","127.0285944906","수원올림픽공원은 1987년도에 조성된 공원으로 수원시청 앞에 위치해 있다. 공원에는 배드민턴장  족구장  테니스장  농구장 등의 체육시설과 정자  쉼터 등이 있으며 넓은 잔디밭과 울창한 소나무 숲 산책길이 있다. 특징으로는 16개의 조각물이 설치된 조각공원으로 가족 단위로 많이 찾는 장소이다. 여름에는 물놀이장을 개장하는데 탈의실  샤워실 등을 함께 구성하여 사용하기 편리하다. 또한 워터 슬라이드를 설치하여 아이들과 함께 이용하기 좋다.","","031-228-4628","","연중무휴","null","null","null","null","상시 개방","가능","없음","","null,"등산로:
관광코스안내:
입 장 료:무료 

화장실:있음 
이용가능시설:테니스장 / 족구장 / 농구장 / 배드민턴장 등
한국어 안내서비스:
"
"2745737","북수원온천","16360","","","경기도 수원시 장안구 서부로 2139 (율전동) 8, 9층","37.2995045560","126.9716902619","북수원온천은 지친 일상을 한꺼번에 날려버리기 좋은 최고의 휴식장소이다. 총면적 3 000여 평의 대형 스파가 있으며  지하 799.6m에서 끌어올린 천연 온천수를 사용하고 있다. pH 9.25의 중탄산나트륨 알칼리성 온천수만을 사용하고 있으며  칼슘  칼륨  철  황산 등 이로운 광물질의 함량이 높아 신경통  근육통  피부질환 등에 도움을 준다. 내부에는 온탕  열탕  이벤트탕  파도 냉탕  건식 사우나  습식 사우나  기능 탕  히노끼 탕이 있고  24시간 운영하는 찜질방은 종유석 얼음방  한증막  황토 피라미드  참숯 불가마  산림욕방  가족 휴게실  영화관  키즈 랜드 등 다양한 시설을 갖추고 있다. 미역국이나 제육볶음을 먹을 수 있는 식당도 함께 운영하고 있어 도심 속 온천을 즐기기에 안성맞춤이다.","","031-293-7005","","연중무휴","null","null","null","null","상시 개방","가능","없음","","null,"주차요금:무료 (4시간)<br>
- 4시간~6시간 1 000원<br>
- 6시간~7시간 3 000원<br>
- 7시간 이후 3 000원+15분 당 500원 (최대 20 000원)<br>
- 24시간 이후 20 000원+15분 당 500원
입 장 료:[주간(05:00~20:00)]<br>
- 소인 8 000원<br>
- 대인 11 000원 <br>
[야간(20:00~익일 05:00)]<br>
- 소인 10 000원<br>
- 대인 12 000원 <br>
[찜질방] 2 000원<br>
※ 찜질복 추가 대여 시 2 000원 별도
"
"2750713","봉암수원지","51348","","","경상남도 창원시 마산회원구 봉암동 산 88 (봉암동)","35.2297007397","128.6077513641","2005년 7월에 등록문화재로 지정된 봉암수원지는 일제강점기 시절 마산에 거주하던 일본인과 부역자들에게 식수를 제공하기 위해 만들어진 저수지다. 상수도 사업으로 인해 저수지의 기능은 폐쇄했지만  자연친화적인 탐방로와 휴게시설  산책로 조성 및 데크로드 등 친수공간을 조성하여 많은 사람이 방문하는 힐링스폿으로 자리매김하고 있다. 봉암수원지의 둘레는 약 1.5㎞로 길이 고르고 그늘져 있어 고요히 경치를 즐기며 부담 없이 산책을 즐기기에 더할 나위 없으며  어린이 놀이터  숲속 도서관 등 다양한 시설도 갖추어져 있다.","","1899-1111","","","null","null","null","null","상시 개방","null","없음","","null,"등산로:
관광코스안내:
입 장 료:
한국어 안내서비스:
"
"2946407","수원 지동벽화마을","16243","","","경기도 수원시 팔달구 창룡문로 56 (지동) ","37.2820491590","127.0228972121","지동 벽화마을은 지동이라는 이름을 지닌 동네에 2011년부터 예술가  지역주민  자원봉사자들이 함께 국내 최대 규모의 벽화마을을 만든 곳이다. 골목골목마다 녹슨 창틀  가스배관  시멘트 담벼락  마당에 심어진 나무 등을 배경으로 그린 7가지 주제의 다양한 테마의 벽화를 구경할 수 있다. 다른 벽화 마을 보다 규모가 크고 좁은 길과 오르막  내리막길이 많아 편안한 복장으로 방문하는 것을 추천한다. 그리고 이곳은 2021년도 SBS 방영드라마 ‘그 해 우리는’ 촬영장소인데 지동슈퍼 옆으로 초록 대문이 드라마 속 주인공 국연수(김다미)의 집이다. 맞은편에 무지개 벽화도 자주 등장했기 때문에 이곳에서 인증샷을 남기는 팬들도 많다.","","수원시 관광과 031-228-3034","","연중무휴","null","null","null","null","상시 개방","불가능","","","null,"촬영장소:2021 SBS 방영드라마 ‘그 해 우리는’ 
입 장 료:무료
"
"3011177","포천수원산정상전망대","11155","","","경기도 포천시 군내면 직두리 ","37.8573644858","127.2650893104","수원산은 운악산으로부터 연봉되는 포천의 진산이며  산기슭에 300년 넘은 것으로 추정되는 천연기념물 제 460호로 지정된 부부송이 있다. 
수원산정상전망대의 연면적은 4 053㎡이고  높이는 9.5m이며  지상으로부터 6m 높이에 위치해 있다. 버섯 모양의 그늘막 정자가 두 개 있으며  30m 성벽으로 구성되어 있다.
전망대는 부부송을 형상화한 조형물로  중앙에 위치한 두 개의 기둥은 부부송의 나무 모양을  상단 부분은 나뭇가지를 표현하였다.
정자는 포천시 농특산물인 느타리버섯을 형상화해 홍보 기능까지 부여한 휴식 공간으로 만들었으며  성벽은 반월성지의 성곽을 형상화한 디자인으로 설계해 역사와 문화가 함께하는 작은 휴식 공간과 산책로가 조성되어 있다. 
고지가 높아 포천 시내 전경이 한눈에 보이며  전망대의 최대 수용 인원은 50명이다.
56번 국도에 접해 있어 접근성이 용이하며 전망대만 방문하는 것 보다는 수원산 등산로를 이용하거나  주변 경치를 감상하며 드라이브를 즐기기에 적당한 곳이다.","","포천관광정보센터 031-538-4014","","","null","null","50명","null","null","가능","","","null,"입 장 료:무료
화장실:있음 (동절기 이용 불가)
"
"3029527","제4수원지","61144","","","광주광역시 북구 청풍동 ","35.1648735665","126.9604367326","제4수원지는 무등산 원효계곡과 화암봉에서 발원한다. 등촌마을과 신촌마을의 양쪽 산허리를 이어 둑을 쌓아 만든 것으로 저수량만도 180여만 톤이다. 무등산 깊은 계곡에서 발원했으니 맑고 깨끗하다. 수원지 인근의 행정구역상 이름이 석곡동이기 때문에 제4수원지의 다른 이름은 석곡수원지이다. 
1910년대 광주는 갑작스러운 인구증가로 생활용수가 부족하여 수원지를 조성하기 시작했다. 이에 따라 1920년 증심사 입구에 조성된 제1수원지를 시작으로 동구 용연계곡에 제2수원지가 개발되었고 제3수원지는 극락강변에 조성되었다. 제4수원지는 석곡천을 막아 1967년 준공됐으며 1981년 상수원 보호구역으로 지정됐다. 하지만 1971년 이후 동복댐과 주암호가 완공돼 생활용수 문제가 해결되면서 사실상 용수 공급 기능을 상실했다. 
무등산자락에서 마음껏 자연과 함께할 수 있어 즐거움이 배가되는 제4수원지는 길 건너 청풍쉼터가 있어 어른 아이 할 것 없이 여기저기서 운동도 하고 담소도 나누는 모습을 볼 수 있다. 바람 타고 밀려오는 피톤치드 향과 무등산 국립공원에 속한 탁 트인 절경은 치유의 힘이 되고 자연 속의 힐링을 만끽할 수 있는 에코 충전의 핫플이다.","","무등산국립공원사무소 062-227-1187","","연중무휴","null","null","null","null","상시 개방","null","","","null,""
"3081123","수원 현충탑","16491","","","경기도 수원시 팔달구 동수원로 335 (인계동) ","37.2593659375","127.0376465076","인계예술공원 끝자락에 위치한 수원현충탑은 1956년 한국전쟁 이후 수원시 팔달구 매향동 화성 보호 구역에 있었으나  2003년 전국 현상 공모를 통해 작가를 선정 '미래를 향한 빛'이라는 주제를 담아 제작  2005년 6월 이전 완공하였다. 주요 시설은 주탑 1개소  위패실   추모광장 등이 있으며  주탑은 제단에 향을 올리는 형상으로 길이 4.3∼18ｍ 기둥 10개의 화강석과 스테인리스스틸을 결합하여 표현하였다. 광장은 새빛마당과 추념의 단  어울마당 등으로 구분하여 조성하였는데  새빛마당에는 참배로와 일반동선을 구분하여 경건한 분위기를 유지할 수 있도록 하였다. 위패실은 외장은 화강석  내장은 대리석으로 마감하였으며 총 342명의 위패를 봉안할 수 있다. 국가를 위하여 희생하고 공헌하신 호국영령들께 존경의 마음으로 영원한 안식과 명복을 빌고  그 용기와 숭고한 뜻이 우리 후손들에게 애국정신의 귀감이 되어 길이 보존 계승하기 위해 조성한 국가 현충 시설이다. 부근에는 경기도 문화의 전당  수원야외음악당 등의 문화 관광지가 있다.","","수원시 복지정책과 031-228-3209","","연중무휴","null","null","null","null","상시 개방","가능","","","null,"화장실:있음
"
"316296","봉녕사(수원)","16230","","","경기도 수원시 팔달구 창룡대로 236-54 ","37.2913316762","127.0374234114","봉녕사는 수원시 장안구 우만동 광교산 기슭에 자리하는 대한불교조계종 제2교구 본사 용주사의 말사이다. 광교산 기슭에 자리한 봉녕사는 수원에서 가장 오래된 사찰로 고려 시대의 불상인 석조 삼존불과 대웅전 앞뜰에 수령 800여 년의 향나무는 봉녕사의 창건과 더불어 역사를 함께한 산 증거로서 오늘에 이르고 있다. 1208년에 원각국사가 창건하여 성창사라 하였고  1400년 경에는 봉덕사로 개칭하여 오다가 조선 예종 원년 1469년 혜각국사가 중수하고 봉녕사라 하였다. 혜각국사는 세조로부터 스승예우를 받았으며 간경도감의 경전언해에 기여한 큰스님이기도 하다.

봉녕사는 1971년 비구니 묘전스님이 주지로 부임하면서부터 새로운 전기를 맞게 된다. 요사와 선원을 신축하고 선원을 개원하였으며  이후 1975년 비구니 묘엄스님을 강사로 승가학원을 설립하게 된다. 그리고 1979년에는 묘엄스님이 주지와 학장을 겸임하였으며 승가대학으로 개칭하게 된다. 현재 절에는 선원과 강원  그리고 율원을 함께 갖춘 비구니의 수련도량으로써 내실을 다지고 있으며  절이 위치한 곳이 광교산으로 그 뜻에 걸맞게 널리 가르침을 펼쳐 불성을 연마하고 한국불교의 초석이 되기 위한 수학  정진에 여념이 없는 곳이다.","","031-256-4127","","연중무휴","null","null","null","null","09:00~17:00<br>
※ 하절기, 동절기 운영 시간 변동","가능<br>요금 (무료)","없음","","null,"화장실:있음
"
"3427162","타임빌라스 수원","16621","","031-8067-4000","경기도 수원시 권선구 세화로 134 (서둔동) ","37.2642285439","126.9973083655","2014년 개점한 롯데쇼핑의 복합쇼핑몰. 2024년 5월 30일 롯데백화점 수원점과 롯데몰 수원을 통합하여 '타임빌라스 수원'으로 명칭이 변경되었다.","","","","연중무휴","null","null","null","null","수
10:30 - 20:00
목
10:30 - 20:00
금
10:30 - 20:30
토
10:30 - 20:30
일
10:30 - 20:30
월
10:30 - 20:00
화
10:30 - 20:00
- 쇼핑몰 영업시간 10:30~22:00 (연중무휴)","null","가능","","null,""
"482258","팔달사(수원)","16260","","","경기도 수원시 팔달구 행궁로 68 (팔달로3가) ","37.2765913284","127.0156757976","팔달사는 경기도 수원시 팔달구에 있는 재단법인 선학원 소속의 사찰이다. 수원시의 최대 번화가인 팔달문 주변에 있어 하루에도 수만 명의 사람들이 오간다. 도심의 중심은 언제나 어수선하고 시끄러우나 도심 한 가운데에서 팔달사 일주문을 들어서는 순간 이러한 번잡함이 모두 사라지며  아늑한 사찰을 마주하게 된다. 팔달사는 금강산 유점사의 비구니 윤홍법당 스님이 도심에 불교를 포교하기 위해 이곳에 최초로 사찰을 건립했다고 전한다. 처음에는 조그마한 대지에 있는 작은 사찰이었으나  현 주지인 범행스님이 부임한 이후 사찰의 정문인 일주문이 건립되었고  위쪽 대지에 있는 대웅전도 이 시기에 건립되어 현재와 같은 커다란 사찰의 모습을 갖추게 되었다. 1986년에는 범종이 건립되었는데  범종각 역시 같은 시기에 건립된 것으로 보인다. 산신각에 모셔져 있는 석가모니후불탱화는 1989년에 조성되었다고 화기에 기록하고 있어 이 당시에 새로운 불사가 이루어졌음을 알 수 있게 해주며  조사당의 영정도 제작되어 이 당시에 조사당의 건립이 있었음을 알게 해준다. 팔달사는 정조 때 만들어진 화성과 그 주요 건물들이 건립된 팔달산 자락에 자리를 잡고 있어 화성 문화재들과 어우러져 수원시 중심의 풍광을 한껏 고풍스럽게 만들고 있다.","","031-256-7990","","연중무휴","null","null","null","null","상시 개방","null","없음","","null,"입 장 료:무료
"
"486986","수원사(수원)","16256","","","경기도 수원시 팔달구 수원천로 300 (남수동)","37.2802465202","127.0190198363","수원시 팔달구 수원천로 300에 자리 잡은 수원포교당은 대한불교조계종 제2교구 본사 용주사의 직할 사찰로 수원 및 인근 지역 불자들의 정신적 귀의처이자 메마른 도시인들에게 부처님의 가르침을 전하기 위해 설립되었다. 불기 2465(1920)년 4월 8일 당시 용주사 주지스님이셨던 대련스님이 수원지역 불자들을 위해 ‘수원불교포교소’라는 이름으로 창건한 이래  여러 스님들의 정진과 노력으로 전국에서 부처님의 가르침을 전하고 실천하는 가장 모범을 보이는 사찰(포교당) 중 하나로 꼽히고 있다.","","031-245-9670","","","[지금 행복하기]<br>
도심 사찰의 장점을 살려 바쁜 현대인들에게 짧은 시간에 행복도를 올려주는 프로그램<br>
‘행복명상’은 경쟁과 성공, 물질 지향적인 현대인들의 심리적 고통과 스트레스를 줄이고 행복의 원리를 알아서 삶의 질을 높이는 것을 목적으로 한다.<br><br>
‘행복명상’은 지난 40년 동안 연구 개발해서 만든 ‘동사섭’ 프로그램을 위주로 수원사 행복 만들기 프로젝트이며, 생활에서 바로 활용할 수 있고, 불교를 모르는 일반인에게도 쉽게 참여할 수 있도록 눈높이를 맞춘 유익한 프로그램이다.<br>
* 참가자와의 즉문즉설을 통해 선택 운영","미취학아동 보호자 동반아래 가능","null","null","null","가능","불가","","null,"화장실:있음
한국어 안내서비스:경내 안내 가능
외국어 안내서비스:불가 
내국인 예약안내:전화/홈페이지 예약가능
"
"736662","수원 화령전","16258","","","경기도 수원시 팔달구 신풍로23번길 15 (신풍동) ","37.2832821647","127.0125703370","화령전은 1801년(순조 원년) 정조대왕의 뜻을 받들어 화성행궁 옆에 세운 건물로 정조의 초상화를 모셔놓은 영전[影殿]이다. 영전은 보통 제사를 지내기 위해 신위를 모신 사당과는 구별되는 건물로  선왕의 초상화를 모셔놓고 살아있을 때와 같이 추모하던 곳이다. 화성에서 ‘화’자와 '시경'의 ‘돌아가 부모에게 문안하리라[歸寧父母]’라는 구절에서 ‘령’자를 따서 이름 붙인 것입니다. 화령전은 정조대왕의 뜻을 받들어 검소하면서도 품격 있게 만든 조선시대의 대표적 영전이다.

(출처 : 수원 문화관광 홈페이지)","","화성행궁 안내소 031-228-4480","","연중무휴","null","null","null","null","- 하절기(3월~10월) 09:00~18:00<br>
- 동절기(11월~2월) 09:00~17:00","가능","가능","","null,"입 장 료:[개인]<br>
- 일반 2 000원<br>
- 청소년 및 군인 1 500원<br>
- 어린이 1 000원<br>
[단체(20인 이상)]<br>
- 일반 1 500원<br>
- 청소년 및 군인 1 200원<br>
- 어린이 800원
화장실:있음
한국어 안내서비스:문화관광해설사 동반해설(4인 이상) / 단체 - 사전신청 후 방문 
외국어 안내서비스:사전신청 후 방문 - 해설사 안내(영어  일어 가능)  음성서비스기 대여 
"
ID,명칭,우편번호,관리자,전화번호,주소,위도,경도,개요,문의 및 안내,규모,수용인원,이용시간,쉬는날,이용요금,할인정보,관람소요시간,주차시설,주차요금,유모차 대여 여부,애완동물 동반 가능 여부,신용카드 가능 여부,상세정보
"129718","수원문화원","16401","","","경기도 수원시 권선구 호매실로 237 (호매실동) ","37.2654637921","126.9569536605","수원문화원은 지역사회 문화진흥을 목적으로 1957년에 설립된 비영리 문화단체로서 시민에게 다양한 문화 혜택을 주기 위하여 설치하였다. 시민들의 평생교육을 위한 문화학교가 있어 각종 강좌를 개설하여 연중 운영하고 있으며  문화행사를 기획  개최하여 수원 문화발전의 중추적 역할을 하고 있다. 주요 사업으로 대보름 민속놀이 한마당  정조대왕 능행차길 체험 순례  인문학 역사 탐방  짚신신고 수원화성에서 놀자  수원 화성 축성체험  기획공연  제야 새해맞이 기념 타종 등이 있다. 향토사의 발굴 및 향토 문화 보전과 전승에 큰 노력을 기울이고 있으며 문화예술 행사도 운영하고 있다. 수원의 뿌리인 수원 화성 복원의 선도적인 역할로 세계문화유산으로 등재되는 디딤돌을 놓아 수원이 문화관광 도시로 발전하는데 기여하는 등 수원 현대 문화계 형성에 크게 이바지하고 있다.","","","","08:30~17:30","매주 일요일","","","","가능","","없음","","없음",""
"130094","수원야외음악당","16491","","","경기도 수원시 팔달구 동수원로 335 (인계동) ","37.2593659375","127.0376465076","수원 야외음악당은 삼성전자에서 건립  수원시에 기증한 최신 첨단 음향 장비를 갖춘 국내 최대규모를 자랑하는 야외음악당으로 고정 관람석과 1만 5천여 명이 앉을 수 있는 잔디광장으로 조성되어 있어 수원시민 정서 함양에 크게 기여하고 있다. 건물 내부에는 수원시립교향악단  시립합창단의 전용 연습실  분장실  휴게실들이 있으며  80여 평의 무대에는 각종 공연에 적합한 음향판 구조와 조명시설  최신테프론 소재로 양질의 음향을 제공하는 19개소의 옥외 스피커가 있고  각 홀 천막 구조와 저음 스피커와 어울려 잔디광장 어디에서나 최적의 음향으로 고급음악을 감상할 수 있다. 한국건축문화대상을 수상한 건물로 대단히 아름다운 외경을 자랑한다. 수준 높은 국내 최대 최고의 시설을 자랑하는 야외음악당으로 수원시민의 야외 문화 공간으로 사랑받고 있는 장소로 주말 나들이로 놀러 오는 가족들이 많다.","","연면적 2,661㎡","","공연에 따라 상이","공연에 따라 상이","공연에 따라 상이","","","가능","","없음","","없음","대관안내:공연장 대관 가능 <br />
문의 : 수원문화재단 공연사업부 공연기획팀 031-250-5323

"
"130095","수원시민회관","16444","","","경기도 수원시 팔달구 팔달산로 28 (매산로3가) ","37.2736499248","127.0113318301","수원시민회관은 1962년 4월 시민관이라는 이름으로 건립되었으며  수원시민들의 문화생활을 책임져 온 수원 최초의 복합문화 공간이다. 1971년 4월 12일 팔달산에 현재의 모습으로 지하 1층 지상 3층의 건물로 신축하여 다양한 시설을 갖춘 새로운 문화공간으로 자리 잡았다. 시민들을 위한 문화 예술 공연  강연회  학술 연구회 등과 각종 행사가 열리는 공간이며  또한 수원시민과 경기도민을 위한 각종 웅변대회 피아노대회 등의 행사가 개최되어 시민들의 대회 참여 기회 제공에도 기여한다. 수원시민회관은 중앙문화예술단체 등과 협조하여 수준 높은 공연을 유치하고 있어 문화생활을 하기에 알맞은 곳이다. 현재는 수원시에서 위탁하여 관리주체는 수원문화원이다.","","","","공연에 따라 상이","매주 월요일","공연에 따라 상이","","공연에 따라 상이","가능","","없음","","없음","대관안내:대관 가능(사전예약 필수)
"
"130802","대전 가수원도서관","35385","","","대전광역시 서구 가수원로 91-11 (가수원동)","36.3018455408","127.3488559098","가수원도서관은 2000년 2월에 개관한 대전 서남부에 위치한 도서관이다. 지역주민에게 정보의 이용  문화활동  평생교육 등을 제공하는 것을 목표로 하고 있다. 특히  지식정보가 주민의 삶의 질 향상과 국가경쟁력에 있어 중요한 요소이기 때문에 전 세대의 주민이 편안하게 도서관을 이용할 수 있는 환경을 조성하고 다양한 자료 확보  정보 취약 계층을 위한 서비스 확대 등을 중심으로 도서관을 운영하고 있다. 
가수원도서관은 국도 4호선 계백로와 벌곡로 등을 통해 접근할 수 있으며  고속도로는 대전남부순환고속도로 서대전IC가 가깝다. 주변에는 가수원근린공원  건양대학교병원 등이 있다.","","부지 4,887㎡, 건평 3,877㎡","","[도서전자자료실]<br>
평일 : 09:00~22:00 / 주말 : 09:00~18:00<br>
[어린이자료실]<br>
09:00~18:00<br>
[청소년열람실/일반열람실]<br>
동절기(11월~익년 2월) : 08:00~22:00<br>
하절기(3~10월) : 07:00~22:00","매주 월요일, 국경일, 정부에서 정한 공휴일, 도서관 사정으로 인한 휴관일","무료","","","있음 (소형 약 20대, 대형 1대 주차가능)","","없음","없음","없음","소장품현황: [도서자료현황(2017년 7월 기준)]<br />
일반 77 613권 / 아동 48 656권 / 구입 110 547권 / 기증 15 722권 / 합계 126 269권<br />
[비도서자료현황]<br />
정기간행물 - 신문 12종 / 잡지 33종 / 전자정보자료(DVD CD-ROM 비디오) 3 488점
"
"130816","수원 영통도서관","16703","","","경기도 수원시 영통구 청명로 151 (영통동) ","37.2572112467","127.0720545580","수원시에서는 시민 누구나 가까운 곳에서 도서관을 이용할 수 있도록 지역별로 어린이 도서관 3개소 포함 총 20개 도서관을 보유하고 있다. 이곳 중 하나인 수원영통도서관은 1999년 개관하였고  리모델링을 거쳐 현재의 모습을 갖추었다.
영통도서관은 본관과 별관으로 나뉘어 있으며  본관에는 어린이 자료실  종합자료실  다문화 자료실  디지털 자료실  일반열람실이 있으며  별관에는 세미나실과 회의실을 갖추고 있다. 세계문화 특성화 도서관으로 외국도서(외국 출판물)를 수집하여 자료의 전문화를 구축하고  2층 종합자료실 내에 외국도서 코너를 운영하고 있는 것이 가장 큰 특징이다.","","부지면적 7,318 ㎡ / 연면적 4,136㎡ / 건축면적 1,236 ㎡","좌석수 825석","어린이 자료실 : 09:00~18:00 / 일반자료실 : 평일 09:00~22:00(주말 09:00~18:00) / 열람실 : 07:00~23:00 / 자료 열람통합실 : 평일 07:00~23:00(주말 07:00~21:00)","월요일 / 공휴일(일요일 제외) / 법정 공휴일이 일요일이면 휴관","무료","","","가능<br>요금(최초1시간 - 무료(0분~60분까지), 이후 30분까지(60분~90분까지) - 400원, 이후 10분마다 - 100원, 1일 - 3,500원 <br /> 비고 - 10분 미만은 10분으로 계산)","","없음","","없음","체험프로그램:독서문화 프로그램 / 도서관 체험교실
"
"130828","수원시립중앙도서관","16462","","","경기도 수원시 팔달구 팔달산로 318 (교동) ","37.2736304972","127.0121484228","수원향교 뒤편 팔달산 기슭에 있는 수원중앙도서관은 중앙일보와 동양방송에서 건립하여 수원시에 기증하였다. 1980년 7월 2일 개관하여 2008년 리모델링 하였고  수원에서 가장 오래된 도서관이다. 수원중앙도서관은 다른 도서관들과 차별화를 통해 성장을 도모하고 있다. 큰글자 도서코너와 복지 코너를 설치하여 어르신의 자료 이용의 편의를 도모하였으며  사회복지 향상과 보전을 위해 관련 자료를 수집하여 전문적인 자료체계를 구축해 사회복지에 이바지하기 위한 노력을 하고 있다. 또한 다양한 독서문화 프로그램을 비롯하여 동아리 커뮤니티를 통해 원하는 분야의 문화생활 선택을 가능하게 하고 있다.","","부지 3,438㎡, 건물 2,712㎡","","- 종합 자료실 평일 09:00~22:00 / 주말 09:00~18:00<br>
- 어린이 자료실 평일 09:00~18:00 / 주말 09:00~18:00 <br>
- 열람실 07:00~23:00<br>
- 자료 열람통합실 평일 07:00~23:00 / 주말 07:00~21:00","공휴일","무료","","","가능","","없음","","없음",""
"130829","수원선경도서관","16258","","","경기도 수원시 팔달구 신풍로23번길 68 (신풍동) ","37.2838931788","127.0110898983","수원시는 21세기 지식정보화 시대를 맞이하여 전국 제일의 평생학습 및 문화 선도도시로 앞서가고 시민 누구나 가까운 곳에서 도서관을 이용할 수 있도록 지역별로 어린이 도서관 3개소 포함 총 20개 도서관을 보유하고 있으며 보유장서는 300만 권을 돌파하였다. 이 중 하나인 수원 시립 선경도서관은 SK그룹이 전신인 선경그룹에서 기부한 도서관으로 1995년 4월 27일 개관 후 2015년 리모델링하여 현재와 같은 현대적인 모습으로 탈바꿈하였다. 선경도서관의 가장 큰 특징 중 하나는 수원학(학문) 자료실 운영이다. 수원학 자료실에는 다양한 수원학 및 향토 자료를 체계적으로 수집 제공하고  고서  족보  개인 문고(수원학자료 기증) 등을 접할 수 있어 수원학에 관심 있는 시민들에게 큰 도움을 준다.","","연면적 8,562㎡","","- 어린이자료실 09:00~18:00<br>
- 종합자료실 09:00~22:00(평일) / 09:00~18:00(주말)<br>
- 일반열람실 07:00~23:00","매주 월요일 / 공휴일","무료","","","가능","최초 30분까지 600원 / 이후 10분 당 300원씩 추가 요금 발생","없음","","없음",""
"130837","서수원도서관","16603","서수원도서관","","경기도 수원시 권선구 탑동로57번길 35 ","37.2732048313","126.9720381867","서수원지식정보관으로 개관한 이래 2016년 8월 서수원도서관으로 명칭을 변경한 이곳은 꾸준히 서수원 시민들의 발걸음이 머무는 작지만 조용하고 아늑함을 자랑하는 도서관이다.
서수원도서관은 철학  종교 등 다양한 장서를 구비하고 있고 다양한 어린이 도서관 프로그램을 운영하여 시민들과 함께 활동하는 공간이다. 이곳의 가장 큰 특징은 국내 및 해외 유명 문학상 수상 작품을 수집해 도서 정보 서비스를 제공하며 수상 도서와 연계한 다양한 프로그램을 운영하고  특화자료를 활성화하고 있다는 것이다. 또한 이곳에서는 다양한 문화 활동을 비롯하여  직접 도서관을 방문하기 힘든 임산부와 영유아에게 거주하고 있는 관내 도서관 소장 도서를 집에서 택배를 통해 대출해주는 [내 생에 첫 도서관 서비스]도 제공하고 있다.","","","","일반열람실 07:00~23:00<br>
종합자료실 평일 09:00~22:00 / 주말 09:00~18:00<br>
어린이자료실 09:00~18:00","매주 금요일 / 법정공휴일","무료","","","가능","","없음","","없음","체험프로그램:끼리끼리영화관
"
"1921150","수원화성박물관","16255","","","경기도 수원시 팔달구 창룡대로 21 (매향동) ","37.2821351915","127.0190947768","수원 화성 박물관은 화성의 역사와 문화를 총체적으로 보여줄 수 있으며  화성을 찾는 방문객에게 더 효과적이고 체계적인 안내와 정조시대 문화 융성의 모습  더불어 화성의 우수성을 알려주는 전문 박물관이다. 수원시는 우리 민족 문화유산의 자랑인 유네스코 세계문화유산 수원 화성과 조선 후기 우리 문화의 우수성을 알리고 지역의 문화와 예술이 살아 숨 쉬는 공간을 만들고자 수원 화성 박물관을 건립하였다. 화성은 18세기 전 세계 군사 건축물의 모범이자 조선시대 성곽 문화의 꽃으로 평가받고 있으며  단순한 성곽이 아닌 도시 전체이기도 하다. 화성 박물관은 수원 신도시 건설과 화성을 축성한 정조의 사상과 정신을 포함하여 화성 축성에 참여한 인물  화성에 주둔했던 장용영 군사  그리고 정조의 8일간의 화성 행차를 통해 각종 문화행사를 모형과 유물을 통하여 전시하고 있다.","","연면적 5,652㎡","","09:00~18:00","매주 월요일","[개별입장권(수원화성박물관)]<br> - 일반 2,000원<br> - 청소년 및 군인 1,000원<br> - 일반(20인 이상) 1,000원<br> - 청소년 및 군인(20인 이상) 500원<br> ※ 무료<br> 어린이 / 노인<br> <br> [3종 통합관람권(화성행궁 / 수원박물관 / 수원화성박물관)]<br> - 일반 4,000원<br>  - 청소년 및 군인 2,500원<br> - 어린이 및 노인 1,000원<br> - 일반(20인 이상) 2,500원<br> - 청소년 및 군인(20인 이상) 1,500원<br> - 어린이 및 노인 800원<br>  ※ 어린이 및 노인(12세 이하 및 65세 이상)","","","가능","","없음","","가능","한국어 안내서비스:[음성안내기] 중요 유물과 모형  그리고 패널에 대한 상세 설명을 음성파일로 제공<br />
- MP3 : 50대 <br />
- 대상 : 청소년 이상부터 대여 가능 (초등학생 이하부터는 보호자 동반시 대여 가능) <br />
- 대여료 : 무료 <br />
- 대여방법 : 수원화성박물관 안내데스크에서 신분증 제출
예약안내:단체 방문시 사전 예약 
외국어 안내서비스:[음성안내기] 중요 유물과 모형  그리고 패널에 대한 상세 설명을 음성파일로 제공<br />
- MP3 : 50대 <br />
- 대상 : 청소년 이상부터 대여 가능 (초등학생 이하부터는 보호자 동반시 대여 가능) <br />
- 대여료 : 무료 <br />
- 대여방법 : 수원화성박물관 안내데스크에서 신분증 제출<br />
- 가능언어 : 영어  일본어  중국어
"
"1966992","한국문화연수원","32520","","","충청남도 공주시 사곡면 마곡사로 1065 (사곡면)","36.5662981517","127.0101319181","한국문화연수원은 대한불교조계종에서 운영하는 교육 및 연수시설로 2008년 개원했다. 전통과 현대의 조화가 있고 역사와 자연이 함께 숨 쉬는 공간이자 숲이 우거진 태화산과 마곡천 사이의 명당에 위치해 있다. 이곳은 삼재팔란이 피해 간다는 전국 10승지 중 하나이며 명당 중의 명당이다. 각종 교육과 전통 프로그램을 체계적으로 진행하고 있으며  한국적인 마당을 품에 안은 숙박시설 6개를 갖추고 있다. 시설을 사용하는 고객에게 친환경 식재료로 조리한 건강식을 제공하며 교육과 치유를 동시에 경험할 수 있다. 대표 체험 프로그램은 템플스테이이고 힐링과 명상  기관의 교육연수 등을 위해 연간 5만 명 이상이 찾는다.","","null","null","09:00~18:00","null","null","null","null","null","null","불가","","없음","시설이용료:체험에 따라 상이
이용가능시설:교육시설/숙박시설/편의시설
화장실:있음(남녀 구분)
"
"2033483","수원시립미술관","16252","","","경기도 수원시 팔달구 정조로 833 (신풍동) ","37.2827572840","127.0158394993","수원 최초의 시립미술관인 수원시립미술관은 수원 화성행궁 광장에 위치한 문화 예술 공간이다. ‘수원시립미술관’  만석공원에 자리한 ‘수원시립만석전시관 (구  수원미술전시관)’  파장동의 ‘수원시립어린이미술체험관 (구  어린이생태미술체험관)’  ‘수원시립아트스페이스 광교’를 포함한 4개의 공간을 운영하고 있다. 이를 바탕으로 수원시립미술관은 각 관의 특색을 살린 다양하고 수준 높은 전시  즐기면서 감상할 수 있는 전시  지역을 소재로 한 특색 있는 전시 등을 통해 시민들의 정서함양과 수도권을 대표하는 미술관으로 발전하고 있다. 

(출처: 수원시립미술관)","","연면적 9,661㎡","","- 하절기(3~10월) 10:00~19:00<br>
- 동절기(11~2월) 10:00~18:00<br>
※ 관람시간 1시간 전까지 입장 가능","매주 월요일 (단, 월요일이 공휴일인 경우 익일 휴관)","[개인]<br>- 일반 4,000원<br>- 청소년 / 군인 2,000원<br>- 어린이 1,000원<br>[단체]<br>- 일반 2,000원<br>- 청소년 / 군인 1,000원<br>- 어린이 1,000원<br>※ 무료<br>- 7세 미만 / 65세 이상","","약 1시간","가능","최초 2시간 무료 / 이후 10분 당 300원씩 추가 요금 발생<br>
※ 자세한 사항은 홈페이지 참조 요망","없음","","가능","예약안내:20인 이상 단체관람 시 홈페이지 예약 <a href="http://sima.suwon.go.kr" target="_blank" title="새창: 수원시립미술관 홈페이지로 이동">http://sima.suwon.go.kr</a>
"
"2951844","풍수원유물전시관","25200","","","강원특별자치도 횡성군 경강로유현1길 50 ","37.5307182100","127.8199400621","풍수원 천주교회는 가톨릭 박해를 피해 이주한 신자들이 중심이 되어 이루어졌다. 풍수원 천주교회당은 한국에서 지어진 4번째 성당이며  한국인 신부에 의해 지어진 첫번째 성당이기도 하다. 풍수원 본당은 춘천  원주  화천  양구  홍천  횡성  평창  양평 등 12개 시군의 29개 공소를 관할하다가 1896년 원주 본당이 분할되고 1920년에 춘천 본당  1948년에 홍천 본당을 분할하게 된다. 횡성군 서원면 유현리에 위치한 풍수원성당은 1982년 강원도 유형문화재로 지정되었다. 풍수원 성당에는 그리스도의 성체 성혈 대축일을 맞아 지난 1920년부터 매년 추진하고 있는 국내 최대 규모의 성체현양대회가 열리고 있다. 풍수원유물전시관은 풍수원성당 뒤편에 위치하고 있으며 2층 3전시설로 구성된 유물전시관이다. 천주교 박해 당시 사제들이 미사를 집전할 때 사용했던 물건과 과거 조상들의 생활상을 엿볼 수 있는 유물 1 000여점을 전시한다.","","","","09:00~18:00","매주 월요일, 금요일/1월1일/설 및 추석 당일","- 일반 2,000원<br>- 횡성군민 및 국가유공자 1,000원","","","가능 (약 소형 80대/대형 20대)","","","","가능",""
"3029071","수원시립아트스페이스광교","16514","","","경기도 수원시 영통구 광교중앙로 140 (하동) ","37.2858799237","127.0594632301","수원시립 아트스페이스 광교는 역사문화도시 수원의 광교 신도시 내 컨벤션센터 내 지하 1층에 조성된 문화예술공간이다. 아트스페이스 광교는 수원컨벤션센터 내·외부를 포함해 바깥의 생태습지  광교호수공원까지 이어지는 열린 공간으로 설계되었고 전시장  안내데스크  교육실  물품보관실의 시설을 갖추고 있다. 센터에서는 지역 미술의 발전은 물론  시민과 함께하는 공공을 위한 미술  창의적 예술교육  공유의 예술공간을 추구한다. 신분당선 광교중앙역 4번출구에서 도보 10분 거리에 위치하고 있으며 인근에는 원천호수  사색공원  광교호수공원이 있어 함께 둘러보는 것도 좋겠다.","","","","10:00~18:00 (입장 마감 17:00)","매주 월요일 (단, 월요일이 공휴일이면 익일 휴관)","무료","","","가능","","","","",""
"3351028","수원 월드컵경기장 축구박물관","16230","","","경기도 수원시 팔달구 월드컵로 310 (우만동) ","37.2864766525","127.0357098139","경기도 수원시에 위치한 수원 월드컵경기장 축구박물관은 2002 한·일 월드컵의 성공적 개최를 기념하기 위해 개관하였던 월드컵기념관이 보다 다양한 축구자료의 전시와 지속적인 발전을 위해 수원 월드컵경기장 축구박물관으로 재개관되었다. 1882년 한국 최초의 축구화부터 박지성 기념코너에 이르기까지 한국 축구의 역사는 물론 북한 및 세계축구의 역사를 한 눈에 볼 수 있다.","","","","10:00~17:00","매주 월요일 / 1월 1일 / 설·추석 당일","무료","","","가능","","","","","예약안내:단체(20명) 이상 가능

"
"638913","수원박물관","16227","","","경기도 수원시 영통구 창룡대로 265 (이의동) ","37.2976975743","127.0356483941","수원박물관은 지하 1층  지상 2층으로 수원역사박물관  한국서예박물관 등 2개의 상설전시관과 특별전시실로 구성되어 있다. 오감으로 즐기고 배우는 어린이체험실  다채로운 교육 프로그램 등이 운영되고  소장유물은 수원지역에서 발굴된 유물  구입 및 기증받은 유물 등으로 48 000여 점을 소장하고 있다. 
수원역사박물관은 수원의 유구한 역사와 문화를 과거·현재·미래의 시점과 주제별로 구성하였으며  크게 네 부분으로 구성된 전시관은 ‘수원의 자연환경’  ‘선사·역사시대의 변천사’  ‘수원로의 개설’  ‘60년대 수원 만나기’  ‘근대 수원의 문화’로 과거의 역사와 문화뿐만 아니라 현대의 발전하는 역동적인 수원의 모습을 다양하게 보여주고 있다.
한국서예박물관은 지방자치단체에서는 최초로 건립한 서예 전문 박물관으로  우리나라 서예사를 한눈에 살펴볼 수 있다. 전시는 유물의 시기와 특성에 따라 각각의 전시 주제로 구성되어 있고 조선시대 사랑방이 재현되어 있다. 중요 작품으로는 영조와 정조가 쓴 어필첩 등이 있다.","","","","09:00~18:00 (매표 마감 17:00)","매주 월요일","[개인]<br>-일반 2,000원<br>- 청소년 및 군인 1,000원<br>[단체(20인 이상)]<br>- 일반 1,000원<br>- 청소년 및 군인 500원<br>※ 무료<br>- 12세 이하 / 65세 이상","","","가능<br>요금 (무료)","","없음","","가능","체험프로그램:어린이체험실 체험 프로그램 (나도 서예가 / 톡톡톡-탁본 / 슥슥- 유물 문양 프로타쥬 / 꾸욱-정조 임금님 도장 등) 
대관안내:- 대관시설 : 기획전시실  다목적강당  옥외시설<br />
- 대관안내 : 031-228-4126

예약안내:단체관람시 홈페이지 예약 
"
ID,명칭,우편번호,관리자,전화번호,주소,위도,경도,개요,주최자 정보,주최자 연락처,주관사 정보,주관사 연락처,행사시작일,행사종료일,공연시간,행사장소,이벤트 홈페이지,이용요금,할인정보,관람소요시간,관람가능연령,예매처,행사장 위치안내,부대행사,프로그램,상세정보,진행형태,축제형태
"1825520","경기인형극제in수원","16614","사단법인 경기인형극진흥회","070-4681-0675","경기도 수원시 권선구 서둔로 166 (서둔동)","37.2668308007","126.9850066316","올해로 스물세 살이 된 경기인형극제가 7월 20일부터 28일까지 7일간 개최된다. 국내 전문 극단뿐만 아니라 해외 전문 극단 초청으로 더욱 풍성해진 라인업을 자랑한다. 극단 나무의 <늙은 개>  극단 일장일딴 컴퍼니 <일장일딴 컬렉션>  아트컴퍼니 행복자 <미운 오리 새끼>  극단 Ta Lent Show Theatre(태국) <Ta Lent Show>  극단 Baruti Teatro(그리스) <Moments>가 준비되어 있다.
다양한 장르의 공연으로 남녀노소 모두 즐길 수 있는 포괄적인 축제이다.","사단법인 경기인형극진흥회","070-4681-0675","경기인형극제 행사위원회","070-4681-0675","20240720","20240728","10:30-16:00","경기상상캠퍼스 공간1986","","20,000원(얼리버드 할인가 14,000원)","","","","","","","","","행사소개:올해로 스물세 살이 된 경기인형극제가 7월 20일부터 28일까지 7일간 개최된다. 국내 전문 극단뿐만 아니라 해외 전문 극단 초청으로 더욱 풍성해진 라인업을 자랑한다. 극단 나무의 <늙은 개>  극단 일장일딴 컴퍼니 <일장일딴 컬렉션>  아트컴퍼니 행복자 <미운 오리 새끼>  극단 Ta Lent Show Theatre(태국) <Ta Lent Show>  극단 Baruti Teatro(그리스) <Moments>가 준비되어 있다.
다양한 장르의 공연으로 남녀노소 모두 즐길 수 있는 포괄적인 축제이다.
행사내용:1. 메인프로그램 : 공연 5개 극단 나무 <늙은 개>  극단 일장일딴 컴퍼니 <일장일딴 컬렉션>  아트컴퍼니 행복자 <미운 오리 새끼>  극단 Ta Lent Show Theatre(태국) <Ta Lent Show>  극단 Baruti Teatro(그리스) <Moments>
2. 소비자 참여 프로그램 : 무료 체험(애착 인형 만들기  부채 만들기)
","선택안함","선택안함"
"1916616","수원 국가유산 야행","16252","수원시","031-290-3562~8","경기도 수원시 팔달구 정조로 893 (장안동) 방화수류정,화홍문,전통문화관 일원","37.2875205998","127.0146478075","‘2025 수원 국가유산 야행’은 수원화성과 화성행궁 일원에서 개최되는 야간 문화행사이다. 세계유산인 수원화성과 전통문화관  화홍문  방화수류정을 중심으로 진행되며  성곽도시의 밤 풍경 속에서 8가지 밤의 매력을 담은 문화유산 체험 프로그램을 운영한다. 국가유산 정조의 계획도시 수원 화성에서 야경과 전통문화를 함께 즐길 수 있는 행사이다.","수원시","031-290-3562~8","수원문화재단","","20250613","20250615","18:00 ~ 22:00","방화수류정,화홍문,전통문화관 일원","","무료 (일부 프로그램 유료)","","","","","","","","","행사소개:‘2025 수원 국가유산 야행’은 수원화성과 화성행궁 일원에서 개최되는 야간 문화행사이다. 세계유산인 수원화성과 전통문화관  화홍문  방화수류정을 중심으로 진행되며  성곽도시의 밤 풍경 속에서 8가지 밤의 매력을 담은 문화유산 체험 프로그램을 운영한다. 국가유산 정조의 계획도시 수원 화성에서 야경과 전통문화를 함께 즐길 수 있는 행사이다.
행사내용:1. 야경(夜景) : 밤빛 품은 국가유산<br>
2. 야로(夜路) : 수원화성 밤마실<br>
3. 야사(夜史) : 밤빛 담은 수원화성 이야기<br>
4. 야화(夜畵) : 밤빛품은 수원화성<br>
5. 야설(夜設) : 밤빛 풍류 산책<br>
6. 야시(夜市) : 사통팔달 밤빛 장터<br>
7. 야식(夜食) : 밤빛 미식회<br>
8. 야숙(夜宿) : 수원에서의 하룻밤 
","선택안함","선택안함"
"2616316","수원재즈페스티벌","16514","수원시","031-228-2472","경기도 수원시 영통구 광교호수로 165 광교호수공원 재미난 밭(스포츠 클라이밍장)","37.2833192997","127.0700734505","수원재즈페스티벌은 대한민국 최고경관으로 꼽힌 '광교호수공원'을 배경으로 국내외 재즈아티스트들이 모여 편안하고 감미로운 재즈음악으로 꾸미는 페스티벌이다. 정통재즈부터 남녀노소 누구나 편안하게 즐길 수 있는 공연  진득한 블루스와 대중과 가장 가까운 펑키 재즈까지 다양한 재즈를 만끽할 수 있다.","수원시","031-228-2472","주식회사 하이톤","","20240927","20240928","18:00~22:00","광교호수공원 재미난 밭(스포츠 클라이밍장)","","무료","","","","","","","","","행사소개:수원재즈페스티벌은 대한민국 최고경관으로 꼽힌 '광교호수공원'을 배경으로 국내외 재즈아티스트들이 모여 편안하고 감미로운 재즈음악으로 꾸미는 페스티벌이다. 정통재즈부터 남녀노소 누구나 편안하게 즐길 수 있는 공연  진득한 블루스와 대중과 가장 가까운 펑키 재즈까지 다양한 재즈를 만끽할 수 있다.
행사내용:- 아티스트 라인업<br>
DAY 1. 9/27(금) <br>
카리나네뷸라  윤석철트리오  최항석과 부기몬스터   밴드 메건   웜사운드   푸라비다  르엘 밴드<br><br>

DAY 2. 9/28(토)<br>
웅산밴드  정엽퀄텟  리치맨과 그루브나이스  유나팔악단  니나파크  푸라비다  르엘 밴드 
","선택안함","선택안함"
"3012161","수원음식문화박람회","16255","수원특례시","수원시 위생정책과 031-228-2233","경기도 수원시 팔달구 창룡대로 21 (매향동) ","37.2821351915","127.0190947768","수원의 특색있고 다양한 먹거리를 한자리에서! 수원의 국제자매도시의 조리사를 초청하여 자매도시의 대표음식을 시식하고  체험할 수 있는 기회! 볼거리  즐길거리  맛볼거리  특산품이 가득한 수원음식문화박람회이다.","수원특례시","수원시 위생정책과 031-228-2233","수원특례시","","20241004","20241006","10:00~19:00(6일(일) 17:00까지)","수원화성박물관 부설주차장","","무료","","","","","","","","","행사소개:수원의 특색있고 다양한 먹거리를 한자리에서! 수원의 국제자매도시의 조리사를 초청하여 자매도시의 대표음식을 시식하고  체험할 수 있는 기회! 볼거리  즐길거리  맛볼거리  특산품이 가득한 수원음식문화박람회이다. 
행사내용:개막식: 2024.10.4.금. 14:00
전문음식관  식품판매홍보관  음식문화거리홍보관  국제푸드쇼  전시홍보관 
부대행사:무대공연 및 이벤트  포토존
체험관 : 나만의 케이크만들기  수원약과만들기  떡메치기   세계조리사와 함께 다국적음식만들기  음식VR체험  맛고추장 만들기  머핀 장식하기
특별행사 : 국제자매도시 조리사 초청음식전(시식행사 및 국제푸드쇼)  제13회 수원전국요리경연대회

**체험관 신청자 접수는 : ‘새빛톡톡’에서 가능
","선택안함","선택안함"
"3304364","종이꽃밭 : 두할망본풀이 - 수원","16261","문화체육관광부, (재)예술경영지원센터","031-290-3578","경기도 수원시 팔달구 정조로 817 (팔달로1가) ","37.2811074845","127.0163422775","(재)예술경영지원센터 ‘2024 공연예술 유통’ 선정 공연으로  첫 시작은 수원-정조테마공연장에서 공연한다. 제주무속신화를 각색한 판소리 드라마로 화려한 지화(전통종이꽃)밭에서 다채로운 악기와 판소리의 향연과 더불어 감동적인 서사로 관객에게 선보인다.","문화체육관광부, (재)예술경영지원센터","031-290-3578","판소리아지트놀애박스, 수원문화재단 정조테마공연장","031-290-3578","20240614","20240615","평일 19:30<BR>주말 16:00","정조테마공연장","","유료 20,000원(▲경기도민10%(1인4매), ▲수원시민20%(1인4매), ▲수원시숙박객20%(1인2매), ▲정조테마공연장카카오톡플러스친구20%(1인1매), ▲문화누리카드결제20%(1인1매), ▲놀애박스매니아재관람할인30%(1인1매), ▲수원시립미술관30%(1인1매), ▲예술인패스30%(1인1매), ▲임산부ㆍ다자녀50%(임산부 본인 ㆍ예매자 본인 및 두자녀이상), ▲보훈ㆍ복지50%(1인2매)","","75분(인터미션 없음)","75분(인터미션 없음)","만 7세 이상","","","","","행사소개:(재)예술경영지원센터 ‘2024 공연예술 유통’ 선정 공연으로  첫 시작은 수원-정조테마공연장에서 공연한다. 제주무속신화를 각색한 판소리 드라마로 화려한 지화(전통종이꽃)밭에서 다채로운 악기와 판소리의 향연과 더불어 감동적인 서사로 관객에게 선보인다.
행사내용:예술경영지원센터 2024 공연예술 유통 선정공연 및 정조테마공연장 협력기획공연 판소리1인극 <종이꽃밭 : 두할망본풀이>
미움과 불안  외로움과 두려움을 지나는 두 아기씨의 이야기. 이것은 개인의 고립에 관한 이야기이기도  사랑과 연대에 관한 이야기이기도 하다. 제주 무속신화 『생불할망본풀이』를 새로운 무대 언어로 풀어낸다. 판소리의 다채로움과 동해안 별신굿 지화를 중심으로 한 전통 종이 꽃의 아름다움을 만끽해 보자.

[시놉시스]
망망대해 바다에서 발견된 무쇠석갑 하나  그 안에서 동해용왕과 서해용왕의 딸인 동이가 발견된다. 3년 만에 무쇠석갑에서 나온 동이는 생불신이 되라는 어머니의 뜻대로 자신을 구해준 임박사에게 아기를 점지하지만  해산의 방법을 알지 못한다. 산모가 위기에 처하자 또 다른 생불신인 명이가 하늘에서 신비한 형체로 내려와 아기를 해산시키고  동이와 명이는 옥황상제에게 가 누가 생불신인지 판결을 요청한다. 옥황상제는 은대야에 은꽃씨를 주며 두 아기씨에게 꽃 피우기 내기를 제안하는데..

[판소리아트 놀애박스]
판소리 1인극·창극·뮤지컬·드라마를 넘나들며 창작 작업을 이어온 창작가 박인혜를 중심으로 2021년 결성했다. 판소리의 특수성을 살려  전통을 넘어 보다 한국적인 음악극을 만들고 있다. 판소리가 가진 고유의 연극성과 연기술 등이 동시대 극에서 어떻게 발현되어야 하는지 고민하며  내부적으로는 판소리 창작자  더불어 판소리 배우 양성에 중점을 두고 있다. 대표작 <오버더떼창 : 문전본풀이> <종이꽃밭 : 두할망본풀이> <판소리 쑛스토리 모파상篇> <쨍하고 해 뜬 날>
참가안내:인터파크 예매
","선택안함","선택안함"
"3491426","수원화성박물관 테마전 방화수류정","16255","수원화성박물관","031-228-4209","경기도 수원시 팔달구 창룡대로 21 (매향동) ","37.2821351915","127.0190947768","화홍문과 용연을 굽어보는 곳에 자리한 방화수류정은 단순한 정자가 아닌 정조의 이상이 깃든 곳이다. 수원화성에는 4곳의 각루가 설치되어 있으며  그 중 동북쪽에 설치된 각루를 방화수류정이라 하였다. 각루는 성곽의 요충지에 세워 외부의 적을 감시하는 누각으로  방화수류정은 수원화성의 요충지에 건립된 군사시설이면서 정자의 기능을 한 상징적인 건축이다. 방화수류정은 군사용 건물이지만 정자의 기능을 고려해 석재와 목재  전돌을 적절하게 사용하여 조성된 건물로  다른 정자에서 보이지 않는 독특한 평면과 지붕 형태의 특이성 등 18세기 조선의 뛰어난 건축기술을 보여주는 누정으로 2011년 보물로 지정되었다. 방화수류정은 시대의 변화에 따라 다양한 의미를 담고 있는 문화유산이다. 조선 왕실의 문화 공간  일제강점기 독립운동가들의 모임 장소  현대에 이르러 시민들이 자유롭게 방문하는 쉼의 공간으로 변화했다.","수원화성박물관","031-228-4209","","031-228-4209","20250522","20250817","09:00~18:00","수원화성박물관","","- 일반 2,000원<br>- 청소년 및 군인 1,000원<br>※ 무료<br>- 어린이 / 노인","","","","","","","","","행사소개:화홍문과 용연을 굽어보는 곳에 자리한 방화수류정은 단순한 정자가 아닌 정조의 이상이 깃든 곳이다. 수원화성에는 4곳의 각루가 설치되어 있으며  그 중 동북쪽에 설치된 각루를 방화수류정이라 하였다. 각루는 성곽의 요충지에 세워 외부의 적을 감시하는 누각으로  방화수류정은 수원화성의 요충지에 건립된 군사시설이면서 정자의 기능을 한 상징적인 건축이다. 방화수류정은 군사용 건물이지만 정자의 기능을 고려해 석재와 목재  전돌을 적절하게 사용하여 조성된 건물로  다른 정자에서 보이지 않는 독특한 평면과 지붕 형태의 특이성 등 18세기 조선의 뛰어난 건축기술을 보여주는 누정으로 2011년 보물로 지정되었다. 방화수류정은 시대의 변화에 따라 다양한 의미를 담고 있는 문화유산이다. 조선 왕실의 문화 공간  일제강점기 독립운동가들의 모임 장소  현대에 이르러 시민들이 자유롭게 방문하는 쉼의 공간으로 변화했다.
행사내용:수원의 대표 문화유산 "방화수류정"이 가진 역사와 건축미를 다양한 이미지와 영상으로 보여주는 전시이다.
","선택안함","선택안함"
"577335","2025 수원연극축제","16614","수원특례시","1588-4929","경기도 수원시 권선구 서둔로 166 (서둔동) ","37.2665807612","126.9811903187","2025년 수원연극축제는 실험적이고 다양한 공공공간연극을 통해 “일상을 떠나 일상을 바라보면서” 일탈과 함께 우리의 삶을 되돌아보고  아울러  일상 공간이 아름다운 예술의 무대로 전환되는  감동적인 축제 경험을 제공할 예정입니다. 신록이 풍성한 5월  거리극  서커스 등 다채로운 공연예술의 큰 잔치 “숲속의 파티”에 여러분을 초대합니다.","수원특례시","1588-4929","수원특례시","1588-4929","20250517","20250518","11:00~21:30","경기상상캠퍼스","","무료","","","","전 연령","","","","","행사소개:2025년 수원연극축제는 실험적이고 다양한 공공공간연극을 통해 “일상을 떠나 일상을 바라보면서” 일탈과 함께 우리의 삶을 되돌아보고  아울러  일상 공간이 아름다운 예술의 무대로 전환되는  감동적인 축제 경험을 제공할 예정입니다. 신록이 풍성한 5월  거리극  서커스 등 다채로운 공연예술의 큰 잔치 “숲속의 파티”에 여러분을 초대합니다.
행사내용:수원연극축제는 1996년 “수원성국제연극제”라는 명칭으로 수원시 화성 일대에서 연극과 야외극 중심으로 개최되기 시작한 후 2018년 축제장소를 경기상상캠퍼스로 옮겨 거리극 등 ‘공공공간연극’(Theater in public space)을 중심으로 치르고 있다. 수원연극축제는 시민들에게 새로운 예술경험을 통해 단조로운 일상에 활기를 부여하는 한편  사회적 이슈를 적극적으로 수용함으로써 우리의 삶을 예술가의 눈을 통해 새롭게 바라보고 토론하는 장을 마련하고  공원이라는 공공공간을 예술무대로 활용하여 일상공간에 대한 즐거운 예술적 상상력을 환기시키고자 한다. 나아가 수원연극축제는 우수한 거리예술단체를 지원하고 새로운 예술가를 발굴하여 한국의 ‘공공공간연극’의 발전을 도모하고  국제교류를 통해 국가간 문화교류에 일역을 담당하고자 한다. 2025년에는 새로운 예술경험을 제공할 실험적이고 다양한 공공공간연극이 공연될 예정이며  이를 위해 신작을 포함하여 최근에 제작된 국내 14개 작품과 해외공연 3 작품이 초청되었다. 이 중에는 근래에 ‘공공공간연극’으로 편입된 서커스도 있으며  공간을 새롭게 이용하려는 발랄한 무용도 있고  시민이 배우가 되는 시민참여형 연극도 있다. 이러한 2025 수원연극축제에서 시민들은 우리의 삶에 대한 진지한 논쟁을 담은 새로운 예술을 통해 “일상을 떠나 일상을 바라보는” 축제 본연의 모습을 경험할 수 있게 될 것이다.
","선택안함","선택안함"
"914138","수원화성문화제","16252","수원시, 수원화성문화제 추진위원회, 수원문화재단","031-228-3920","경기도 수원시 팔달구 신풍동 363-31 행궁광장","37.2819157120","127.0156617611","수원화성문화제는 1795년 정조대왕의 8일간의 행행(行幸) 중 수원화성에서의 4일간의 이야기를 담은 축제로  세계문화유산 수원화성을 배경으로 고품격 문화예술 콘텐츠를 즐길 수 있다. 또한 원행을묘정리의궤(園幸乙卯整理儀軌)를 기반으로 한 국내 최대 왕실 퍼레이드이자 시민참여형 퍼레이드인 정조대왕 능행차는 축제의 단순한 관람자가 아닌 참여자로서 행사를 즐길 수 있다. 글로벌축제로 선정된 수원화성문화제는 글로벌빌리지 등 외국인을 위한 콘텐츠도 제공한다.","수원시, 수원화성문화제 추진위원회, 수원문화재단","031-228-3920","","","20250927","20251004","12:00~21:00","수원화성 일원","","무료(일부 사전예약 프로그램의 경우 유료)","","","","","","","","","행사소개:수원화성문화제는 1795년 정조대왕의 8일간의 행행(行幸) 중 수원화성에서의 4일간의 이야기를 담은 축제로  세계문화유산 수원화성을 배경으로 고품격 문화예술 콘텐츠를 즐길 수 있다. 또한 원행을묘정리의궤(園幸乙卯整理儀軌)를 기반으로 한 국내 최대 왕실 퍼레이드이자 시민참여형 퍼레이드인 정조대왕 능행차는 축제의 단순한 관람자가 아닌 참여자로서 행사를 즐길 수 있다. 글로벌축제로 선정된 수원화성문화제는 글로벌빌리지 등 외국인을 위한 콘텐츠도 제공한다.
행사내용:1. 메인프로그램 : 세계유산 수원화성과 관련된 주제를 중심으로 특색있게 연출한 주제공연 '수원 판타지 - 야조'<br>2. 공연프로그램 : 수원화성과 화성행궁을 배경으로 현대적으로 재해석한 실경공연- '이머시브 아트퍼포먼스 진찬' '수상퍼포먼스 선유몽'<br>3. 체험/참여프로그램 : 투어  전시  체험 등 수원화성과 화성행궁을 배경으로 한 다채로운 프로그램 운영  시민이 직접 참여해 그림을 완성시키는 '시민도화서'  수원화성의 축성 과정을 체험할수 있는 '축성놀이터' 등<br>4.기타내용 : 정조대왕 능행차 (2025. 9. 28.(일)) 기록유산 「원행을묘정리의궤」를 기반으로 재현하는 ‘을묘년 화성원행’ 이라고도 불리는 정조대왕 능행차는 정조대왕이 어머니 혜경궁 홍씨의 회갑을 기념하기 위해 을묘년(1795년)에 윤 2월 9일부터 16일까지 총 8일간 진행 한 대규모 왕의 행행(行幸)을 현대에 맞춰 재현 한 국내최대 왕실 퍼레이드이다.<br><br>축제장 내 먹거리 부스가 없으므로 인근 지역 식당 이용 바랍니다. 
","선택안함","선택안함"
ID,명칭,우편번호,관리자,전화번호,주소,위도,경도,개요,문의 및 안내,규모,수용인원,쉬는날,개장기간,이용시간,입장료,체험가능연령,주차시설,주차요금,유모차 대여 여부,애완동물 동반 가능 여부,신용카드 가능 여부,상세정보
"131005","휘트니스센터PG뉴코아아울렛동수원점","16488","동수원 뉴코아 PG휘트니스","031-231-6550","경기도 수원시 팔달구 인계로 154 (인계동) ","37.2665511585","127.0344104892","수원시청역 인계동 동수원뉴코아아울렛 10층에 있는 휘트니스센터PG는 수영  골프  헬스  GX를 모두 이용할 수 있는 종합 휘트니스 센터이다. 수원의 핵심 도심 속 공간에서 운동과 휴식을 누릴 수 있는 것은 이 센터만이 가진 커다란 장점이다. 해당 센터는 새벽부터 늦은 밤까지 장시간 운영되어  편안한 시간에 입장 및 수시 접수가 가능하고 시간 선택의 폭이 넓으며 주로 성인 위주의 프로그램을 갖추어 성인 및 인근 직장인들에게 특히 인기가 많다. 방학 기간에는 어린이 방학 특강을 모집하고  수능이 끝난 청소년에게는 수험생 할인의 기회가 주어진다. 휘트니스센터PG에는 수영  헬스  GX를 함께 할 수 있는 1개월 이용권 외에도 다양한 운동을 원하면 패키지를 끊어 이용할 수 있어서 인근 수원시민들이 많이 찾는 운동시설이다.","","","","매주 일요일 / 1월 1일 / 설·추석 연휴","","- 평일 06:00~23:00<br>- 토요일 06:00~21:00","- 헬스 10,000원<br>- 자유수영 12,000원","","","가능","없음","","","가능","주요시설:수영장 / 헬스장 등
"
"131195","전북특별자치도자연환경연수원","55539","","","전북특별자치도 무주군 안성면 칠연로 607 ","35.8396960688","127.6983872270","무주 구천동계곡을 품고 있는 덕유산 국립공원이 있어 사계절 관광을 즐길 수 있고  태고의 신비와 전설을 간직한 칠연폭포를 따라 천연기념물 수달과 반딧불이 등이 서식하는 곳으로 생태관광의 최적지로 손꼽히는 곳에 자리하였으며  또한 주변에 삼국시대 신라인과 백제인이 내왕하였다는 나제통문  조선의 고사로 유명한 적상산  스키장이 있는 무주리조트도 있다. 자연생태가 파괴. 오염되지 않은 청정지역으로  심신의 조화로운 발달과 자연관찰 등이 용이 하다.<br>","","","","연중무휴","","숙소 입실 14:00 이후, 퇴실 09:00까지","","전화 문의 063-323-0380 홈페이지 <a href="http://www.jayeon.or.kr" target="_blank" title="새창 : 전북특별자치도자연환경연수원 홈페이지로 이동">http://www.jayeon.or.kr</a>","","주차 가능","없음","없음","없음","없음",""
"131559","남수원컨트리클럽","18347","남수원컨트리클럽","","경기도 화성시 황계남길 21-10 (송산동)","37.2144344985","127.0080004513","1987년 10월 21일에 개장한 23만 평 규모의 국방부 국군복지단 직영 회원제 18홀 골프클럽이다. 부대시설로 골프연습장도 운영하고 있어 라운딩 전 몸을 풀기 좋다. 골프장 잔디 종류는 벤트그라스이며 그 규모는 22만 평에 해당한다. 아웃코스는 폭이 협소하고 굴곡지형으로 섬세함과 많은 집중력이 동반되어 난이도가 어려울 수 있고 인코스는 기상변화에 민감하지만 비교적 코스 공략이 용이하다는 특징이 있다.","","","","연중무휴","","[12월~2월]<br>- 06:30~21:00<br>[3월~11월]<br>- 평일 06:00~22:00<br>- 주말 / 공휴일 06:00~21:00","","","","가능","없음","","","없음","코스안내:길이 - 18홀

이용요금:[그린피]<br>
- 주중 140 000원<br>
- 주말 200 000원<br>
[카트비]<br>
- 20 000원<br>
※ 비회원 기준 요금 <br>
※ 자세한 요금은 홈페이지 참고 또는 전화 문의 요망
부대시설:클럽하우스  연습장  식당  사우나  

"
"131662","수원컨트리클럽","16976","수원컨트리클럽","","경기도 용인시 기흥구 중부대로 495 (구갈동)","37.2813176542","127.1203217261","‘수원컨트리클럽‘은 1975년에 개장된 46년 전통 프라이빗 골프장으로 서울에서 가까운 곳에 위치하고 있다. 이곳은 사계절 자연기후 영향이 매우 적으며 해발 100m 이내의 작은 분지 지형에 위치하여 편안하게 골프에 집중을 할 수 있다. 뉴코스는 탁 트인 시야로 호쾌한 코스로 평가받고 있으며  올드코스는 자연이 그대로 유지되고 있는 아기자기한 코스로 평가받고 있다.","","36홀, 48만평","","연중무휴","","","","","","가능 <br>요금 (무료)","없음","","","없음","포인트안내:
참고사항:

이용요금:- 그린피 210 000원~280 000원<br>
- 경기보조원 150 000원<br>
- 카트비 120 000원<br>
※ 비회원 요금 기준<br>
※ 자세한 사항은 홈페이지 참고 
부대시설:연습장 / 그늘집 / 클럽하우스(대식당  미팅룸  락카룸  프론트  골프샵  사우나)
"
"131687","새마을운동중앙연수원","13575","","","경기도 성남시 분당구 새마을로 257 ","37.3916222269","127.1584429356","분당 신도시  수려한 대자연 속에 위치하여 전원적인 사회교육의 전당으로 660석 규모의 대강당을 비롯하여 중·소 강의실과 각종 토의실 및 도서관 등을 기능적으로 배치하여 각급 학교와 기업체  공공기관과 단체의 교육은 물론 국제회의나 세미나를 개최할 수 있는 시설을 갖추고 있는 곳이다. 특히 생활관과 식당  야외 활동을 위한 잔디 구장  그리고 등산로 등 쾌적한 자연환경과 최적의 교육시설이 조화를 이룬 전원적인 인재 교육장임을 자부하는 곳이기도 하다.","","","","","","","","유선 예약","","가능","없음","","","없음","체험프로그램:지역사회지도자교육 / 공동체전문가교육 / 청소년 수련 등
이용요금:교육별 금액 상이하므로 홈페이지 참고
주요시설:숙박시설  강당  강의실  새마을역사관 등
"
"131767","수원체육문화센터","16706","수원체육문화센터","031-273-3030","경기도 수원시 영통구 영통로 383 (영통동) ","37.2575972508","127.0685687522","수원체육 문화센터는 지하 2층  지상 4층 건물로 세부 프로그램으로 수영(8 레인과 유아 풀  야외풀 구비)  50여 개의 최신 운동 기구와 15대의 러닝머신을 가진 헬스  에어로빅  발레 등 생활체육 프로그램과 성인부터 유아까지를 대상으로 하는 다양한 사회교육 프로그램을 진행하고 있으며 어린이 환경교실  소비자교육  가족생태기행 프로그램 등 지역주민의 참여와 자치의 공간으로도 활용되어 단순 취미 중심이 아닌 자신의 능력을 개발하고 삶의 질을 높일 수 있는 프로그램으로 진행되고 있다. 수원체육문화센터만의 특징은 생활체육과 사회교육을 one-stop으로 이용할 수 있으며 관에서 운영하는 기관과는 달리 시민단체인 YWCA가 맡아 운영함에 따라 기능적인 것만이 아닌 생명운동  공동체 운동을 지향하는 정신에 맞춰 프로그램을 운영하는 것이다.","","","","매주 일요일","","프로그램 별 상이","","<a href="http://www.sscc3030.or.kr" target="_blank" title="새창 : 수원체육문화센터 홈페이지로 이동 ">http://www.sscc3030.or.kr</a>","","","없음","","","없음","이용요금:프로그램 별 상이
주요시설:수영장 / 헬스장 / 에어로빅연습실 등
"
"2663187","회동수원지 둘레길","46329","","","부산광역시 금정구 개좌로 147 (회동동)","35.2252550204","129.1166487680","회동수원지는 부산광역시 금정구 회동동  선동  오륜동 등 5개 동에 인접한 도심 속 산중 지역에 위치하고 있는 부산시민의 상수원지이다. 회동수원지는 1930년대 말  가뭄으로 인한 물 부족을 해소하기 위해 조성한 인공저수지다. 경상남도 양산시 원효산 남쪽 계곡에서 발원한 수영강이 철마천과 만나는 부산시 금정구 오륜동과 회동동에 걸쳐 있다. 1964년 상수원 보호구역으로 지정됐던 회동수원지 일대는 45년 만인 지난 2010년 일반에 개방됐다. 부산시 금정구청의 ‘인문학과 함께하는 땅뫼산 소풍여행’은 회동수원지를 따라 조성된 땅뫼산 황토숲길에서 진행된다. 생태의 보고로 불리는 땅뫼산 황토숲길은 상현마을에서 동천교를 잇는 부산갈맷길 8-1구간 가운데 풍광이 가장 아름다운 곳이다. 1km 남짓 이어지는 길은 오르내림 없이 평탄해 누구나 편하게 걸을 수 있다.<br>","","","","","","","","","","","없음","없음","없음","없음",""
"2714220","플라잉 수원","","","","경기도 수원시 팔달구 지동 255-4 ","37.2867042378","127.0264106512","플라잉수원은 계류식 헬륨기구로 최대 150m 상공에서 수원 화성 전체를 조망할 수 있는 이색적인 관람시설이다. 계절마다 새로운 매력의 수원화성을 하늘과 맞닿아 감상할 수 있다. 가족  친구 혹은 연인과 함께 멋지고 특별한 추억이 될 것이다. 헬륨기구는 최대 30명까지 탑승 가능하며 승객의 안전을 위해 잘 훈련된 파일럿이 동승한다. 또한 기낭 유럽 항공 안전국 규정 통과  프랑스 보건국 안전 공인 완료 등 안전성이 검증된 관람시설이다. 탑승시간은 상승  정지 관람  하강 포함하여 약 10분 체공한다.","","","최대 30명","","","- 평일 13:00~22:00<br>- 주말 11:00~22:00 <br> ※ 기구 정비 (긴급) / 방송 촬영 / 기상 악화 시 운영 시간 탄력적 운행","","","","","없음","","","없음","이용요금:[일반]<br/>
- 성인 20 000원<br/>
- 중·고등학생 18 000<br/>
- 초등학생 17 000원<br/>
- 25개월~유치원 14 000원<br/>
- 장애인(4급 이상) / 국가유공자(4급 이상) / 경로(70세 이상) 17 000원<br>
※ 단체 (20인 이상) 이용 시 10% 할인 적용 <br>
※ 자세한 할인 정보는 홈페이지 참고 또는 전화 문의
"
"2728565","녹수원글램핑","32500","","","충청남도 공주시 유구읍 덕곡리 15-2","36.6286486142","126.9699144090","녹수원 글램핑은 충남 공주시 유구읍에 자리 잡고 있다. 공주 시청을 기점으로 35㎞가량 떨어졌다. 자동차에 몸을 싣고 차동로와 금계산로를 차례로 달리면 닿는다. 도착까지 소요되는 시간은 50분 안팎이다. 이곳은 싱그러움을 느낄 수 있는 숲속에 조성한 덕택에 숲이 주는 이로움을 오롯이 만끽할 수 있다. 캠핑장에는 글램핑 18개 동과 펜션 3개 동을 마련했다. 객실 내부에는 침대  소파  테이블  의자  에어컨  선풍기  난방기  커피포트를 비치했다. 외부 전용 공간에는 해먹과 바비큐 시설을 완비하고 있다. 글램핑 비용에 무제한 바비큐와 조식 서비스가 포함되어 있다. 사계절 내내 평일 주말 모두 운영한다. 예약은 온라인 실시간과 현장 접수로 한다. 캠핑장 인근에 마곡사  유구 시장 등 공주의 유명 관광지가 많다. 유구 시장 방면으로 나가면 다양한 한우 요리를 맛볼 수 있다.","","","","연중무휴","봄,여름,가을,겨울","15:00~익일11:00","","<a href="http://www.xn--bj0bw9dz1gl4luwfumy.kr/" target="_blank" title="새창 : 녹수원글램핑 예약 사이트로 이동">http://www.xn--bj0bw9dz1gl4luwfumy.kr/</a>","","가능","없음","","","없음","이용요금:50 000원~480 000원<br>
※ 이용요금은 변동될 수 있으므로 홈페이지 참조 또는 전화 문의 요망

주요시설:안전시설 설비사항<br>
소화기:18  화재감지기:18

부대시설:전기 / 무선인터넷 / 장작판매 / 온수 / 물놀이장 / 놀이터 / 운동시설

"
"2728930","수원산오토캠핑장","","","","경기도 포천시  군내면 청군로 2985번길 50-29 ","37.8627883843","127.2393803894","포천 시내에서 멀지 않은 수원산 기슭에 포근히 안겨 있는  조용하고 한적한 시골 느낌의 아담한 캠핑장이 있다. 캠핑장 옆으로는 계곡이 흐르고 있어  아이들과 물고기 잡이와 물놀이하기에 좋다. 수원산 오토캠핑장은 3구역으로 나누어진 사이트(계곡 사이트 존  키즈존  잣나무 존)를 가지고 있으며  파쇄석 27면 과 마사토 13면으로 되어있다. 사이트 간 간격이 여유로워 캠핑하는 동안 편안히 지낼 수 있어 좋다. 어린이들의 놀이 천국인 트램펄린과 두 곳의 모래놀이터가 있어  자연스럽게 시간 가는 줄 모르고 놀이에 열중한다. 여름이면 계곡과 수영장으로 아이들이 몰려가 즐거운 한때를 보내기에 충분하다. 또한 겨울철이면 뒷동산 산책길로 자연스레 눈썰매장이 만들어져 남녀노소 모두 즐거워하는 시간이 온다. 캠핑장 옆으로는 유기농 텃밭이 있어 고추  상추  깻잎 등을 먹을 만큼 가져다 먹을 수 있다. 최신시설의 샤워장과 화장실은 24시간 온수 사용이 가능하며  화장실에는 유아변기가 설치되어 있어 어린이들이 사용하기에 좋다.","","","","연중무휴","봄,여름,가을,겨울","13:00 ~ 익일12:00","","<a href="https://www.camfit.co.kr/camp/60e3c76766cd82001e1ae5b3" target="_blank" title="새창 : 수원산오토캠핑장예약안내 사이트로 이동">https://www.camfit.co.kr/camp/60e3c76766cd82001e1ae5b3</a>","","가능","없음","","","없음","이용요금:50 000원<br>
※ 이용요금은 변동될 수 있으므로 홈페이지 참조 또는 전화 문의 요망
주요시설:소화기:35  방화수:4
부대시설:전기 무선인터넷 장작판매 온수 트렘폴린 물놀이장 놀이터 운동시설 마트.편의점
"
"2745948","서수원주민편익시설","16641","","","경기도 수원시 권선구 매송고색로 620 (고색동) ","37.2478050113","126.9729415907","권선구 고색동에 있는 지역주민들을 위한 문화시설이다. 수원역에서 10분 내 거리에 위치해 있으며 운동장과 테니스장  족구장  농구장  축구장  스케이트장  인라인 게이트볼장 등이 있다. 내부에는 실내체육관  도서관  영화관  수영장  체력단련실  스크린골프장  문화강좌 강의실  매점 식당  스포츠 숍  아기 스포츠단 등이 있다. 모든 문화 활동이 가능하기 때문에 지역 주민들에게 반응이 좋은 곳이다. 산책하기도 좋고  주말이면 가족 단위 이용객들이 많이 찾는다.","","","","매주 일요일 / 공휴일","","06:00~22:00 (시설 별 상이)","","","","가능","없음","","","없음","이용요금:※ 시설 별 상이함 홈페이지 참조
주요시설:게이트볼장 / 축구장 / 공원 등
"
"2792372","한성연수원 야영장","36926","","","경상북도 문경시 마성면 하내2길 55 ","36.6648560883","128.0801499458","한성연수원 야영장은 경북 문경시 마성면 하내리에 자리 잡고 있다. 문경 시청을 기점으로 19km가량 떨어져 있다. 자동차를 타고 문경대로와 구랑로를 번갈아 달리면 닿는다. 도착까지 걸리는 시간은 20분 안팎이다. 캠핑장에는 마사토로 이루어진 일반 캠핑 사이트 15개가 마련되어 있다. C동 사이트는 원두막 앞에 있으며  추가 요금을 지불하면 원두막을 사용할 수 있다. 주요 부대시설로는 널찍한 중앙 잔디광장  펜션과 방갈로 등 숙박시설  100명을 동시에 수용할 수 있는 세미나실과 식당  다도실 등을 갖춘 예다원 등이 있다. 캠핑장 주변에는 문경새재도립공원 등 문경의 유명 관광지가 많다.","","","","연중무휴","봄,여름,가을,겨울","13:00~익일12:00","","전화","","가능","없음","","","없음","이용요금:30 000원~35 000원<br>
※ 변동될 수 있으므로 홈페이지 참조 또는 전화 문의 요망

주요시설:소화기 15개
부대시설:전기 장작판매 온수 운동장 마트  편의점 펜션  잔디광장  강당
"
"2910042","명수원","38185","","","경상북도 경주시 장사길 46-17 ","35.7897930785","129.0510776512","산내 명수관광농원은 경북 경주시 산내면 감산리에 자리 잡았다. 경주시청을 기점으로 25km가량 떨어졌다. 자동차로 건포산업로와 단석로를 번갈아 달리면 닿는다. 도착까지 걸리는 시간은 30분 안팎이다. 캠핑장은 다양한 수목이 식재되어 있어 더없이 자연친화적이다. 연못을 중심으로 데크와 파쇄석으로 이뤄진 일반캠핑 사이트 24면이 마련되어 있다. 카라반과 트레일러 동반 입장이 가능하며  추가 요금은 없다. 봄부터 가을까지는 물고기 잡기 체험  겨울에는 썰매 타기 체험을 할 수 있다. 주변에는 화랑의언덕  국민힐링파크가 있어 연계 여행에 나서기 수월하다.
※ 반려동물 동반 불가","","","","","","예약 시 문의","","","","","","","","","이용요금:50 000원
*이용요금은 예약 시 문의
부대시설:물놀이장  놀이터  운동장  운동시설
주요시설:주요시설 : 일반야영장 24
안전시설 : 소화기 12
"
"3057775","바운스슈퍼파크 수원영통센터","16693","","","경기도 수원시 영통구 덕영대로 1566 (영통동) ","37.2451874572","127.0619141469","바운스슈퍼파크 수원영통센터는 수원시 망포역 인근 판타지움 건물 3층에 있으며  일반적인 키즈카페와 달리 성인도 체험할 수 있는 이색 실내 놀이터 이다. 짚코스터  자이언트타워  프리점프존  네트플레이  어드벤쳐존  챌린지존  바운스러너  덩크존  레이싱존  멀티코트  스포츠 아케이드존  슈퍼트램폴린존  VR존으로 나뉘어 있으며 30분씩 나뉘어 시설점검과 충전을 갖고 운영된다. 국내 최초의 트램폴린파크이며  트램폴린 이용 시 안전을 위해 미끄럼방지 양말은 필수로 착용해야 한다. 성인도 즐길 수 있는 실내 놀이터라는 장점을 이용 동심을 이해하고 아이들과의 친밀도를 높일 수 있으며  청년들의 데이트 코스로도 인기 있다. 생일  크리스마스  연말연시 특별한 날 어린이들도 즐길 수 있는 곳이다.","","","","연중무휴","","- 평일 10:00~20:00<br>- 주말 및 공휴일 10:00~21:00","","","","가능","","","","","이용요금:- 평일 24 000원<br>
- 주말 27 000원<br>
※ 상세 사항은 홈페이지 참조 및 유선 문의
부대시설:카페 / 라운지
"
"3057776","수원KT위즈파크","16308","","","경기도 수원시 장안구 경수대로 893 (조원동) ","37.2999635410","127.0111672202","수원 케이티위즈파크는 1989년 개장한 수원의 야구장이며 경기도 수원시 장안구 조원동 수원종합운동장 내에 있으며  2015년부터 kt 위즈의 홈구장으로 사용되고 있다. 야구장이라는 특징에 맞게 온도와 습도  조명을 자동 조절할 수 있는 유비쿼터스 센서 네트워크 시스템을 도입하여 선수단과 야구 관람객들에게 경기에 더욱 집중할 수 있는 최적의 경기 환경을 확보하고 있으며  구장 내 무선 인터넷 설치 등 ICT 인프라 확충을 통한 다양한 모바일 기기를 활용하여 입장 등록  주차 정보  지정석 찾기  음식 주문등 다른 경기장에서 경험하지 못한 스마트한 콘텐츠를 제공한다. 익사이팅석  프랜들리석  커플석  장애인석 등 다양한 관객들을 고려하여 완벽한 시설을 갖추고 있으며  경기관람뿐 아니라 오락  레저  교육의 복합공간을 제공하고 있다.","","","","매주 월요일 <br>※ 경기 일정에 따라 휴무일 변동됨","","경기 일정에 따라 상이함","","","","가능<br>※ 사전 예약차량만 가능","","","","가능","이용요금:[중앙]<br>
- 포수 뒤 테이블석 60 000원~70 000원<br>
- 중앙 테이블석 50 000원~60 000원<br>
- 중앙지정석 18 000원~22 000원<br>
[내야 (1 3루)]<br>
- 내야 테이블석 40 000원~50 000원<br>
- 익사이팅석 25 000원~30 000원<br>
- 응원지정석 18 000원~22 000원<br>
- 휠체어석(장애인) 9 000원~11 000원<br>
- 스카이존(5F) 10 000원~12 000원<br>
[외야 (1 3루)]<br>
- 외야테이블석 25 000원~30 000원<br>
- 캠핑존 160 000원~200 000원<br>
- 외야자유잔디석 11 000원~13 000원<br>
[스카이박스]<br>
- 6인실~24인실 420 000원~1 680 000원<br>
※ 이용요금 변동 가능성 있으므로 홈페이지 참조
"
"3116124","스몹 수원","16318","","","경기도 수원시 장안구 수성로 175 (정자동) 스타필드수원 7층 스몹","37.2874813034","126.9915582378","스몹 수원은 수원스타필드 7층에 위치해 있으며 스포츠에 기반한 약 25종의 어트랙션을 자체 개발하거나 스몹만의 콘텐츠로 커스터마이징해  새롭고 액티브한 경험을 제공한다. 스포츠에 익숙하지 않아도  운동을 즐겨하지 않아도 친구  연인  동료와 가볍게 즐길 수 있는 다양한 콘텐츠를 만날 수 있다. 어디에서도 볼 수 없는 스포츠 콘텐츠로 가득찬 유니크하고 컬러풀한 공간에 플레이어님을 초대한다.","","","","연중무휴","","10:00~21:00","성수기 : 30,000원 / 비수기 : 26,000원","공식 웹사이트 예매","","있음","","","","가능","체험프로그램:기본이용 시간 : 2시간
할인정보:공식 웹사이트 참조 (링크 : <a href="https://www.smob.co.kr/events/637b4fd3ea212c559aa8c0af" target="_blank" title="새창 : 스몹 홈페이지로 이동">https://www.smob.co.kr/</a>)

부대시설:락커 (무료 이용 가능)
"
ID,명칭,우편번호,관리자,전화번호,주소,위도,경도,개요,숙박 종류,문의 및 안내,규모,수용 가능 인원,객실 수,객실 유형,주차 가능,조리 가능,체크인,체크아웃,예약 안내,예약안내 홈페이지,픽업서비스,식음료장,부대 시설,세미나,스포츠시설,사우나실,뷰티 시설,노래방,바베큐장,캠프화이어,자전거대여,휘트니스센터,공용 PC실,공용 샤워실,상세정보,환불규정
"137495","상천체육문화연수원","12449","","031-581-7030","경기도 가평군 청평면 경춘로 1401 ","37.7763747353","127.4613848818","상천체육문화연수원은 엠티(MT)  워크숍  세미나  강연회  단합대회  합숙훈련  전지훈련 등의 서비스를 해주는 종합 체육 문화 연수원이다.  21세기를 지향하고 앞서가는 청소년 수련원을 목표로 하고 있으며  드넓은 자연 속에서 휴식과 레저 교육을 함께 즐길 수 있다. 천혜의 자연 속에서 쾌적한 교육 시설과 깨끗한 숙박 시설  그리고 다양한 부대시설을 운영 및 연계하여 운영하고 있다. 개인의 이용은 물론  10명 이하의 소규모 모임부터 100명 이상의 대규모 단체까지 원활하게 수용할 수 있는 종합 시설을 갖추고 있다. 바쁜 도심 일상에서 벗어나 포근한 자연의 공간에서 즐겁고 편안하게 힐링할 수 있다.","0","","1동 : 숙박시설<br />
2동 : 세미나실, 부대시설","643명","70실","한실, 양실","주차가능","불가","불가","14:00","12:00","031-581-7030","","","바비큐장, 한식당","실내 테니스장, ​풋살장"없음,없음,없음,없음,없음,없음,없음,없음,없음,없음,없음,"객실명:플록스실
객실크기:30평
객실수:0
기준인원:10최대인원:10
※ 객실 가격 전화문의 요망
비수기 주중최소 : 250000 
비수기 주말최소 : 250000 
목욕시설:Y
욕조:홈시어터:에어컨:Y
TV:Y
PC:케이블설치:Y
인터넷:냉장고:세면도구:소파:취사용품:테이블:Y
드라이기:객실명:장미실
객실크기:0평
객실수:0
기준인원:0최대인원:0
※ 위 정보는 2021년 11월에 작성된 정보로(정상요금)  해당 숙박시설 이용요금이 수시로 변동됨에 따라 이용요금 및 기타 자세한 사항은 홈페이지 참조 요망
비수기 주중최소 : 60000 
비수기 주말최소 : 60000 
목욕시설:Y
욕조:홈시어터:에어컨:Y
TV:Y
PC:케이블설치:Y
인터넷:냉장고:세면도구:소파:취사용품:테이블:드라이기:객실명:한실
객실크기:0평
객실수:0
기준인원:4최대인원:4
※ 객실 가격 전화문의 요망
비수기 주중최소 : 80000 
비수기 주말최소 : 80000 
목욕시설:Y
욕조:홈시어터:에어컨:Y
TV:Y
PC:케이블설치:Y
인터넷:냉장고:세면도구:소파:취사용품:테이블:드라이기:객실명:3인실
객실크기:0평
객실수:0
기준인원:3최대인원:3
※ 객실 가격 전화문의 요망
비수기 주중최소 : 70000 
비수기 주말최소 : 70000 
목욕시설:Y
욕조:홈시어터:에어컨:Y
TV:Y
PC:케이블설치:Y
인터넷:냉장고:세면도구:소파:취사용품:테이블:드라이기:객실명:2인실
객실크기:0평
객실수:0
기준인원:2최대인원:2
※ 객실 가격 전화문의 요망
비수기 주중최소 : 60000 
비수기 주말최소 : 60000 
목욕시설:Y
욕조:홈시어터:에어컨:Y
TV:Y
PC:케이블설치:Y
인터넷:냉장고:세면도구:소파:취사용품:테이블:드라이기:객실명:튤립실
객실크기:27평
객실수:0
기준인원:10최대인원:10
※ 객실 가격 전화문의 요망
비수기 주중최소 : 200000 
비수기 주말최소 : 200000 
목욕시설:Y
욕조:홈시어터:에어컨:Y
TV:Y
PC:케이블설치:Y
인터넷:냉장고:세면도구:소파:취사용품:테이블:Y
드라이기:객실명:물망초실
객실크기:32평
객실수:0
기준인원:10최대인원:10
※ 객실 가격 전화문의 요망
비수기 주중최소 : 300000 
비수기 주말최소 : 300000 
목욕시설:Y
욕조:홈시어터:에어컨:Y
TV:Y
PC:케이블설치:인터넷:Y
냉장고:Y
세면도구:소파:취사용품:테이블:드라이기:Y
객실명:에델바이스실
객실크기:90평
객실수:0
기준인원:25최대인원:25
※ 객실 가격 전화문의 요망
비수기 주중최소 : 700000 
비수기 주말최소 : 700000 
목욕시설:Y
욕조:홈시어터:에어컨:Y
TV:Y
PC:케이블설치:인터넷:Y
냉장고:Y
세면도구:Y
소파:취사용품:테이블:드라이기:Y
객실명:VIP실
객실크기:90평
객실수:0
기준인원:15최대인원:15
※ 객실 가격 전화문의 요망
비수기 주중최소 : 700000 
비수기 주말최소 : 700000 
목욕시설:Y
욕조:홈시어터:에어컨:Y
TV:Y
PC:케이블설치:인터넷:Y
냉장고:Y
세면도구:Y
소파:취사용품:테이블:드라이기:Y
객실명:MT 단체실
객실크기:27평
객실수:0
기준인원:8최대인원:8
※ 객실 가격 전화문의 요망
비수기 주중최소 : 200000 
비수기 주말최소 : 200000 
목욕시설:Y
욕조:홈시어터:에어컨:Y
TV:Y
PC:케이블설치:인터넷:Y
냉장고:Y
세면도구:Y
소파:취사용품:테이블:드라이기:Y
,"
"143140","코리아 관광호텔 수원","16490","","010-6799-6071","경기도 수원시 팔달구 권광로175번길 62 ","37.2643985318","127.0289110481","코리아 관광호텔 수원은 경기도 행정  산업의 중심도시인 수원시의 행정타운에 시청과 함께 위치하여 고객의 성공 비즈니스를 위한 차별화된 서비스를 준비하고 있다. 특히 삼성전자  LG전자  SK케미칼  현대자동차  현대모비스 등 국내 대기업들이 인근에 위치하여 효율적인 비즈니스가 가능하다. 호텔코리아의 모던한 인테리어의 편안한 객실과 휴식 공간은 고객의 피로를 말끔히 씻어주어 재충전의 시간에 도움을 주며  실용적인 업무 공간은 최상의 비즈니스 환경을 제공한다. 또한  일상을 벗어나 조용하고 편안한 휴식을 원하는 분들께도 최상의 공간이 되어준다.  호텔 내에는 비즈니스 센터  회의실  피트니스 센터  무선 인터넷 등 다양한 시설이 준비되어 있다.","0","","지상 8층/지하 1층","약 200명","50실","스탠다드룸, 디럭스룸, 디럭스 트윈룸, 슈페리어룸","주차 가능","불가","불가","14:00","11:00","010-6799-6071","<a href="http://www.koreatouristhotel.com" target="_blank" title="새창 : 코리아 관광호텔 수원 홈페이지로 이동">http://www.koreatouristhotel.com</a>","가능(사전문의)","레스토랑","세미나실, 휘트니스 센터, 공용PC실"없음,없음,없음,없음,없음,없음,없음,없음,없음,없음,없음,"객실명:슈페리어
객실크기:14평
객실수:0
기준인원:0최대인원:0

비수기 주중최소 : 250000 
비수기 주말최소 : 250000 
목욕시설:욕조:홈시어터:에어컨:TV:PC:케이블설치:인터넷:냉장고:세면도구:소파:취사용품:테이블:드라이기:객실명:디럭스 트윈
객실크기:10평
객실수:0
기준인원:0최대인원:0

비수기 주중최소 : 230000 
비수기 주말최소 : 230000 
목욕시설:욕조:홈시어터:에어컨:TV:PC:케이블설치:인터넷:냉장고:세면도구:소파:취사용품:테이블:드라이기:객실명:스탠다드
객실크기:8평
객실수:0
기준인원:0최대인원:0

비수기 주중최소 : 160000 
비수기 주말최소 : 160000 
목욕시설:욕조:홈시어터:에어컨:TV:PC:케이블설치:인터넷:냉장고:세면도구:소파:취사용품:테이블:드라이기:객실명:디럭스 더블
객실크기:10평
객실수:0
기준인원:0최대인원:0

비수기 주중최소 : 180000 
비수기 주말최소 : 180000 
목욕시설:욕조:홈시어터:에어컨:TV:PC:케이블설치:인터넷:냉장고:세면도구:소파:취사용품:테이블:드라이기:객실명:비즈니스 트윈
객실크기:10평
객실수:0
기준인원:0최대인원:0

비수기 주중최소 : 220000 
비수기 주말최소 : 220000 
목욕시설:욕조:홈시어터:에어컨:TV:PC:케이블설치:인터넷:냉장고:세면도구:소파:취사용품:테이블:드라이기:,"
"1883536","산청율수원","52257","김창배","055-974-0221, 010-9802-1132","경상남도 산청군 신등가회로 36 ","35.3803535976","128.0102941563","경상남도 산청군 한옥거리에 위치한 산청율수원은 재능교육에서 경상도 사대부가의 고헌고택을 확장 및 개축한 전통한옥 숙박공간이다. 풍수지리에 따라 식당채(청룡)  목욕채(백호)  안사랑채(안산)  바깥사랑채와 영수문(조산)이 안채를 감싸 보좌하도록 배치하였다. 그중 숙박공간은 바깥사랑채 고헌  안사랑채 농암  안채 하계재이다. 모든 객실에 욕실과 주방이 설치해 편의성을 높였고  하계재에는 누마루가 있어 경치를 감상하기 좋다. 목욕채 설조당에는 황토 불가마찜질방이 있어 여행의 피로를 풀기에 좋다. 인근에 대원사 계곡  남사예담촌  정취암 등이 있다.","0","","약 496㎡, 1층","20","10","한실","가능","불가","불가","14:00","11:00","","","불가","있음",""없음,없음,없음,없음,없음,없음,없음,없음,없음,없음,없음,"객실명:고헌 호겸 명겸
객실크기:11평
객실수:0
기준인원:4최대인원:5

비수기 주중최소 : 500000 성수기 주중최소 : 500000
비수기 주말최소 : 550000 성수기 주말최소 : 550000
목욕시설:욕조:홈시어터:에어컨:Y
TV:PC:케이블설치:인터넷:Y
냉장고:세면도구:Y
소파:취사용품:테이블:드라이기:객실명:농암익겸실
객실크기:4평
객실수:0
기준인원:2최대인원:3

비수기 주중최소 : 250000 성수기 주중최소 : 250000
비수기 주말최소 : 300000 성수기 주말최소 : 300000
목욕시설:욕조:홈시어터:에어컨:Y
TV:PC:케이블설치:인터넷:Y
냉장고:세면도구:Y
소파:취사용품:테이블:드라이기:객실명:고헌 노경 휘겸실
객실크기:6평
객실수:0
기준인원:4최대인원:4

비수기 주중최소 : 400000 성수기 주중최소 : 400000
비수기 주말최소 : 450000 성수기 주말최소 : 450000
목욕시설:욕조:홈시어터:에어컨:Y
TV:PC:케이블설치:인터넷:Y
냉장고:세면도구:Y
소파:취사용품:테이블:드라이기:객실명:고헌 농암
객실크기:90평
객실수:0
기준인원:14최대인원:14

비수기 주중최소 : 1400000 성수기 주중최소 : 1400000
비수기 주말최소 : 1550000 성수기 주말최소 : 1550000
목욕시설:욕조:홈시어터:에어컨:Y
TV:PC:케이블설치:인터넷:Y
냉장고:세면도구:Y
소파:취사용품:테이블:드라이기:객실명:고헌 명검실
객실크기:5평
객실수:0
기준인원:2최대인원:2

비수기 주중최소 : 250000 성수기 주중최소 : 250000
비수기 주말최소 : 300000 성수기 주말최소 : 300000
목욕시설:욕조:홈시어터:에어컨:Y
TV:PC:케이블설치:인터넷:Y
냉장고:세면도구:Y
소파:취사용품:테이블:드라이기:객실명:고헌 
객실크기:30평
객실수:0
기준인원:8최대인원:8

비수기 주중최소 : 800000 성수기 주중최소 : 800000
비수기 주말최소 : 900000 성수기 주말최소 : 900000
목욕시설:욕조:홈시어터:에어컨:Y
TV:PC:케이블설치:인터넷:Y
냉장고:세면도구:Y
소파:취사용품:테이블:드라이기:객실명:고헌 호겸실
객실크기:6평
객실수:0
기준인원:2최대인원:3

비수기 주중최소 : 300000 성수기 주중최소 : 300000
비수기 주말최소 : 350000 성수기 주말최소 : 350000
목욕시설:욕조:홈시어터:에어컨:Y
TV:PC:케이블설치:인터넷:Y
냉장고:세면도구:Y
소파:취사용품:테이블:드라이기:객실명:농암
객실크기:25평
객실수:0
기준인원:6최대인원:6

비수기 주중최소 : 600000 성수기 주중최소 : 600000
비수기 주말최소 : 700000 성수기 주말최소 : 700000
목욕시설:욕조:홈시어터:에어컨:Y
TV:PC:케이블설치:인터넷:Y
냉장고:세면도구:Y
소파:취사용품:테이블:드라이기:객실명:농암 유겸/복겸실
객실크기:6평
객실수:0
기준인원:4최대인원:4

비수기 주중최소 : 350000 성수기 주중최소 : 350000
비수기 주말최소 : 400000 성수기 주말최소 : 400000
목욕시설:욕조:홈시어터:에어컨:Y
TV:PC:케이블설치:인터넷:Y
냉장고:세면도구:Y
소파:취사용품:테이블:드라이기:객실명:하계재
객실크기:35평
객실수:0
기준인원:6최대인원:6

비수기 주중최소 : 1000000 성수기 주중최소 : 1000000
비수기 주말최소 : 1100000 성수기 주말최소 : 1100000
목욕시설:욕조:홈시어터:에어컨:Y
TV:PC:케이블설치:인터넷:Y
냉장고:세면도구:Y
소파:취사용품:테이블:드라이기:,2일 전 100%<br>
1일 전 90%<br>
당일 80% 환불<br>
취소는 이용일 당일 이용시간 전까지만 가능"
"2752981","코트야드 메리어트 수원","16514","","","경기도 수원시 영통구 광교호수공원로 320 (하동) ","37.2846244793","127.0574967776","광교중앙역에서 6분  강남역에서 30분 거리에 있는 호텔로 수원 컨벤션센터와 갤러리아 백화점이 연결되어 있는 수원 최초의 코트야드 메리어트 호텔이다. 스위트룸을 포함한 288개 객실을 갖추고 있으며 회의나 이벤트에 적합한 다기능 공간도 제공한다. 올 데이 다이닝 레스토랑 수원 키친(Suwon Kitchen)은 전용 다이닝룸을 갖추고 있어 회식이나 가벼운 가족 행사에 적합하다. 광교호수공원이 내려다보이는 야외 테라스를 갖춘 이그제큐티브 라운지에서는 무료 조식과 해피아워  하루 종일 다과를 제공한다. 럭셔리한 라운지 바 더 레이크 태번(The Lake Tavern)에서 편안히 휴식을 취할 수 있고  시설을 완비한 피트니스 센터에서 운동으로 활력과 에너지를 충전할 수 있다.","0","","","","288실","프리미어 / 스위트 / 디럭스 / 더블","가능","","","15:00","12:00","","","","",""없음,없음,없음,없음,없음,없음,없음,없음,있음,없음,없음,"객실명:디럭스 스위트
객실크기:16평
객실수:0
기준인원:2최대인원:3
개별화장실보유 wifi가능※ 위 정보는 2021년 10월에 수정된 정보로(정상요금)  해당 숙박시설 이용요금이 수시로 변동됨에 따라 이용요금 및 기타 자세한 사항은 홈페이지 참조 요망
목욕시설:Y
욕조:Y
홈시어터:에어컨:Y
TV:Y
PC:케이블설치:Y
인터넷:Y
냉장고:Y
세면도구:Y
소파:취사용품:테이블:Y
드라이기:Y
객실명:이그제큐티브 룸
객실크기:8평
객실수:0
기준인원:2최대인원:3
※ 객실 가격 전화문의 요망
목욕시설:Y
욕조:Y
홈시어터:에어컨:Y
TV:Y
PC:케이블설치:Y
인터넷:Y
냉장고:Y
세면도구:Y
소파:Y
취사용품:테이블:Y
드라이기:Y
객실명:디럭스
객실크기:9평
객실수:0
기준인원:2최대인원:3
※ 객실 가격 전화문의 요망
목욕시설:Y
욕조:Y
홈시어터:에어컨:Y
TV:Y
PC:케이블설치:Y
인터넷:Y
냉장고:Y
세면도구:Y
소파:Y
취사용품:테이블:Y
드라이기:Y
객실명:프리미어
객실크기:8평
객실수:0
기준인원:2최대인원:3
※ 객실 가격 전화문의 요망
목욕시설:Y
욕조:Y
홈시어터:에어컨:Y
TV:Y
PC:케이블설치:Y
인터넷:Y
냉장고:Y
세면도구:Y
소파:Y
취사용품:테이블:Y
드라이기:Y
객실명:프리미어 스위트
객실크기:12평
객실수:0
기준인원:2최대인원:3
※ 객실 가격 전화문의 요망
목욕시설:Y
욕조:Y
홈시어터:에어컨:Y
TV:Y
PC:케이블설치:Y
인터넷:Y
냉장고:Y
세면도구:Y
소파:Y
취사용품:테이블:Y
드라이기:Y
,"
"2849981","넘버25 수원화성행궁점","16257","","","경기도 수원시 팔달구 정조로810번길 20 (남수동) ","37.2802937185","127.0179532651","넘버 25 화성행궁 점은 수원 남수동에 있는 숙박업소이다. 2021년 4월에 오픈한 이곳은 5분 거리에 화성행궁이 있으며 수원 통닭 거리 중심에 있다. 건물 1층 정문 옆에 12대 정도 주차할 수 있는 주차장이 있으며 객실당 차량 1대씩만 주차할 수 있다. 셀프 체크인 기계로 운영 중이며 1층 입구에는 정수기와 커피머신  전자레인지  얼음 기계 등이 구비되어 있다. 스타벅스 원두커피를 무료로 제공하며 무제한 물과 음료수도 셀프로 이용할 수 있다. 깔끔하게 정돈된 객실에서 최신영화 및 넷플릭스를 무료 시청할 수 있다. 근처에 수원종합운동장과 수원월드컵경기장이 있으며  팔달문의 자랑 영통시장이 가까이 있다.","","","","","30실","스탠다드 / 디럭스 / 프리미어 / 하이엔드 / 프라이빗","가능","","","16:00","13:00","","","","",""없음,없음,없음,없음,없음,없음,없음,없음,없음,없음,없음,"객실명:하이엔드 커플PC
객실크기:0평
객실수:0
기준인원:2최대인원:2
※공기정화시스템
비수기 주중최소 : 55000 성수기 주중최소 : 55000
비수기 주말최소 : 75000 성수기 주말최소 : 75000
목욕시설:Y
욕조:홈시어터:에어컨:Y
TV:Y
PC:Y
케이블설치:Y
인터넷:Y
냉장고:Y
세면도구:Y
소파:Y
취사용품:테이블:Y
드라이기:Y
객실명:스탠다드
객실크기:0평
객실수:0
기준인원:2최대인원:2

비수기 주중최소 : 40000 성수기 주중최소 : 40000
비수기 주말최소 : 55000 성수기 주말최소 : 55000
목욕시설:Y
욕조:홈시어터:에어컨:Y
TV:Y
PC:Y
케이블설치:Y
인터넷:Y
냉장고:세면도구:Y
소파:Y
취사용품:테이블:Y
드라이기:Y
객실명:프리미어 퀸
객실크기:0평
객실수:0
기준인원:2최대인원:2
※공기정화시스템
비수기 주중최소 : 50000 성수기 주중최소 : 50000
비수기 주말최소 : 65000 성수기 주말최소 : 65000
목욕시설:Y
욕조:Y
홈시어터:에어컨:Y
TV:Y
PC:Y
케이블설치:Y
인터넷:Y
냉장고:Y
세면도구:Y
소파:Y
취사용품:테이블:Y
드라이기:Y
객실명:프라이빗 테라스
객실크기:0평
객실수:0
기준인원:2최대인원:2
※테라스
※스타일러  공기정화시스템
비수기 주중최소 : 55000 성수기 주중최소 : 55000
비수기 주말최소 : 75000 성수기 주말최소 : 75000
목욕시설:Y
욕조:Y
홈시어터:에어컨:Y
TV:Y
PC:Y
케이블설치:Y
인터넷:Y
냉장고:Y
세면도구:Y
소파:Y
취사용품:테이블:Y
드라이기:Y
객실명:프리미엄 슈퍼킹
객실크기:0평
객실수:0
기준인원:2최대인원:2

비수기 주중최소 : 50000 성수기 주중최소 : 50000
비수기 주말최소 : 65000 성수기 주말최소 : 65000
목욕시설:Y
욕조:홈시어터:에어컨:Y
TV:Y
PC:Y
케이블설치:Y
인터넷:Y
냉장고:Y
세면도구:Y
소파:Y
취사용품:테이블:Y
드라이기:Y
객실명:디럭스
객실크기:0평
객실수:0
기준인원:2최대인원:2

비수기 주중최소 : 45000 성수기 주중최소 : 45000
비수기 주말최소 : 60000 성수기 주말최소 : 60000
목욕시설:Y
욕조:홈시어터:에어컨:Y
TV:Y
PC:Y
케이블설치:Y
인터넷:Y
냉장고:Y
세면도구:Y
소파:Y
취사용품:테이블:Y
드라이기:Y
,"
"3083939","이비스 앰배서더 수원","16491","","","경기도 수원시 팔달구 권광로 132 (인계동) ","37.2594824762","127.0312359750","이비스 앰배서더 수원은 수원 도심 인계동에 위치한 비즈니스 호텔이다. 215개의 객실  30여개의 프리미엄 룸  스위트 룸과 더불어 인터내셔널 뷔페 레스토랑과 헬스장 이용이 가능하다. 수원 시청역에서 도보 2분 거리에 있고  인근에 삼성전자  삼성전기 등의 회사와 관공서가 위치하고 있어 비지니스를 위해 출장 온 회사원들에게 인기가 많다. 또한 이비스 호텔 계열로는 유일하게 웨딩 컨벤션을 운영하고 있어  호텔 연회를 함께 즐기고자 하는 신혼 부부들에게 인기가 많다. 인근에는 수원 시청역이 있으며  10분 거리에 KTX역이 있어 교통 접근성이 뛰어나다.","","","","","215개","","가능","불가","불가","15:00","12:00","","","","",""없음,없음,없음,없음,없음,없음,없음,없음,있음,없음,없음,","
"3083959","탑클라우드호텔 수원점","16271","","","경기도 수원시 장안구 수성로350번길 13 (영화동) ","37.2924949568","127.0109091192","탑클라우드호텔 수원점은 행궁동에 위치하고 있어  인근 KT위즈파크 야구장이나 행리단길  수원화성을 도보로 이동할 수 있다. 로비 한쪽에는 커피 머신과 일회용 컵  정수기와 제빙기가 있어 취향에 맞게 커피와 티를 마실 수 있다. 또한 스타일러가 구비되어 있는 방을 선택 할 수 있어 여행 중 겉옷 살균을 할 수 있는 이점을 가지고 있다. 내외부 주차장이 있고 합리적인 가격의 호텔이다. 인근에 수원 장안문  화성 방화 수류정  화성행궁  수원 통닭 거리가 도보 거리에 있다.","","","","","","스탠다드 / 디럭스 / 스위트","가능","불가","불가","18:00","12:00","","","","",""없음,없음,없음,없음,없음,없음,없음,없음,없음,없음,없음,","
"3483793","더휴식 아늑호텔 수원 인계점","16489","","","경기도 수원시 팔달구 인계로94번길 29 (인계동) ","37.2668148935","127.0274888877","더휴식 아늑호텔 수원 인계점은 편안하게 머물 수 있는 스탠다드룸  업무용 데스크가 있는 비즈니스룸과 비즈니스 스위트룸  고사양 게이밍PC가 있는 2PC룸  빔 프로젝터가 있는 무비룸  업무용 데스크와 트윈베드가 있는 비즈니스 트윈룸  펫 케어용품이 있는 반려견 동반룸  객실 내 조적욕조가 있는 스위트-풀룸  조적욕조와 빔 프로젝터가 있는 트윈 스위트-풀룸  고급 스피커가 있는 뮤직룸  다이닝 테이블이 있는 다이닝 트윈룸이 있다. 주차장이 있어 주차가 가능하며 투숙객 모두 편안하게 즐길 수 있는 공용 로비 라운지가 있다.","","","","","42실","스탠다드 / 비즈니스 / 뮤직 / 2PC / 비즈니스 스위트 / 무비 / 비즈니스 트윈 / 스위트 풀 / 반려견 동반 / 다이닝 트윈 / 트윈 스위트 풀","","","","주중 18:00<BR>주말 21:00","주중 13:00<BR>주말 12:00","","","","","공용 로비 라운지 / 무료 WIFI"없음,없음,없음,없음,없음,없음,없음,없음,없음,없음,없음,"객실명:비즈니스 트윈
객실크기:0평
객실수:0
기준인원:2최대인원:4
※ 위 정보는 2025년 03월에 작성된 정보로 해당 숙박시설 이용 요금이 수시로 변동됨에 따라 이용요금 및 기타 자세한 사항은 홈페이지 참조 요망
비수기 주중최소 : 80000 
비수기 주말최소 : 150000 
목욕시설:욕조:Y
홈시어터:에어컨:Y
TV:Y
PC:Y
케이블설치:Y
인터넷:Y
냉장고:Y
세면도구:Y
소파:취사용품:테이블:Y
드라이기:Y
객실명:비즈니스
객실크기:0평
객실수:0
기준인원:2최대인원:2
※ 위 정보는 2025년 03월에 작성된 정보로 해당 숙박시설 이용 요금이 수시로 변동됨에 따라 이용요금 및 기타 자세한 사항은 홈페이지 참조 요망
비수기 주중최소 : 70000 
비수기 주말최소 : 120000 
목욕시설:욕조:Y
홈시어터:에어컨:Y
TV:Y
PC:Y
케이블설치:Y
인터넷:Y
냉장고:Y
세면도구:Y
소파:취사용품:테이블:Y
드라이기:Y
객실명:뮤직
객실크기:0평
객실수:0
기준인원:2최대인원:2
※ 위 정보는 2025년 03월에 작성된 정보로 해당 숙박시설 이용 요금이 수시로 변동됨에 따라 이용요금 및 기타 자세한 사항은 홈페이지 참조 요망
비수기 주중최소 : 70000 
비수기 주말최소 : 130000 
목욕시설:욕조:Y
홈시어터:에어컨:Y
TV:Y
PC:케이블설치:Y
인터넷:Y
냉장고:Y
세면도구:Y
소파:Y
취사용품:테이블:Y
드라이기:Y
객실명:스탠다드
객실크기:0평
객실수:0
기준인원:2최대인원:2
※ 위 정보는 2025년 03월에 작성된 정보로 해당 숙박시설 이용 요금이 수시로 변동됨에 따라 이용요금 및 기타 자세한 사항은 홈페이지 참조 요망
비수기 주중최소 : 60000 
비수기 주말최소 : 110000 
목욕시설:욕조:홈시어터:에어컨:Y
TV:Y
PC:케이블설치:Y
인터넷:Y
냉장고:Y
세면도구:Y
소파:취사용품:테이블:Y
드라이기:Y
객실명:반려견 동반
객실크기:0평
객실수:0
기준인원:2최대인원:2

비수기 주중최소 : 90000 
비수기 주말최소 : 150000 
목욕시설:욕조:Y
홈시어터:에어컨:Y
TV:Y
PC:케이블설치:Y
인터넷:Y
냉장고:Y
세면도구:Y
소파:Y
취사용품:테이블:Y
드라이기:Y
객실명:스위트 풀
객실크기:0평
객실수:0
기준인원:2최대인원:2
※ 위 정보는 2025년 03월에 작성된 정보로 해당 숙박시설 이용 요금이 수시로 변동됨에 따라 이용요금 및 기타 자세한 사항은 홈페이지 참조 요망
비수기 주중최소 : 110000 
비수기 주말최소 : 200000 
목욕시설:욕조:Y
홈시어터:에어컨:Y
TV:Y
PC:케이블설치:Y
인터넷:Y
냉장고:Y
세면도구:Y
소파:Y
취사용품:테이블:Y
드라이기:Y
객실명:2PC
객실크기:0평
객실수:0
기준인원:2최대인원:2
※ 위 정보는 2025년 03월에 작성된 정보로 해당 숙박시설 이용 요금이 수시로 변동됨에 따라 이용요금 및 기타 자세한 사항은 홈페이지 참조 요망
비수기 주중최소 : 80000 
비수기 주말최소 : 135000 
목욕시설:욕조:Y
홈시어터:에어컨:Y
TV:Y
PC:Y
케이블설치:Y
인터넷:Y
냉장고:Y
세면도구:Y
소파:취사용품:테이블:Y
드라이기:Y
객실명:트윈 스위트 풀
객실크기:0평
객실수:0
기준인원:4최대인원:6
※ 위 정보는 2025년 03월에 작성된 정보로 해당 숙박시설 이용 요금이 수시로 변동됨에 따라 이용요금 및 기타 자세한 사항은 홈페이지 참조 요망
비수기 주중최소 : 150000 
비수기 주말최소 : 250000 
목욕시설:욕조:Y
홈시어터:에어컨:Y
TV:PC:케이블설치:Y
인터넷:Y
냉장고:Y
세면도구:Y
소파:취사용품:테이블:Y
드라이기:Y
객실명:비즈니스 스위트
객실크기:0평
객실수:0
기준인원:2최대인원:2
※ 위 정보는 2025년 03월에 작성된 정보로 해당 숙박시설 이용 요금이 수시로 변동됨에 따라 이용요금 및 기타 자세한 사항은 홈페이지 참조 요망
비수기 주중최소 : 75000 
비수기 주말최소 : 140000 
목욕시설:욕조:Y
홈시어터:에어컨:Y
TV:Y
PC:Y
케이블설치:Y
인터넷:Y
냉장고:Y
세면도구:Y
소파:Y
취사용품:테이블:Y
드라이기:Y
객실명:무비
객실크기:0평
객실수:0
기준인원:2최대인원:2
※ 위 정보는 2025년 03월에 작성된 정보로 해당 숙박시설 이용 요금이 수시로 변동됨에 따라 이용요금 및 기타 자세한 사항은 홈페이지 참조 요망
비수기 주중최소 : 80000 
비수기 주말최소 : 150000 
목욕시설:욕조:Y
홈시어터:에어컨:Y
TV:PC:케이블설치:Y
인터넷:Y
냉장고:Y
세면도구:Y
소파:Y
취사용품:테이블:Y
드라이기:Y
객실명:다이닝 트윈
객실크기:0평
객실수:0
기준인원:4최대인원:6
※ 위 정보는 2025년 03월에 작성된 정보로 해당 숙박시설 이용 요금이 수시로 변동됨에 따라 이용요금 및 기타 자세한 사항은 홈페이지 참조 요망
비수기 주중최소 : 150000 
비수기 주말최소 : 250000 
목욕시설:욕조:Y
홈시어터:에어컨:Y
TV:PC:케이블설치:Y
인터넷:Y
냉장고:Y
세면도구:Y
소파:취사용품:테이블:Y
드라이기:Y
,"
"971242","라마다프라자 수원호텔","16483","","031-230-0001","경기도 수원시 팔달구 중부대로 150 ","37.2777887112","127.0324436868","글로벌 브랜드의 명성을 갖춘 라마다 프라자 수원 호텔은 풍성한 문화와 최첨단의 비즈니스 환경이 공존하는 경기도 수원의 중심에 자리 잡고 있다. 라마다 프라자 수원 호텔은 전면 유리벽을 통해 들어오는 자연광을 그대로 받아들이는 자연스러움을 컨셉트로 모던하고 현대적인 감각의 디자인을 갖춘 세련되고 품격 있는 비즈니스호텔이다. 우아함과 안락함을 절묘하게 조화시킨 객실과 vip고객을 위한 이그제큐티브 라운지는 손님들에게 최상의 서비스와 휴식공간을 제공한다. 특이함보다는 평범함에서 특별한 서비스를 찾아 라마다 프라자 수원 호텔만의 차별화된 독특한 서비스를 창조하고  4성급 호텔로서 호텔 문화를 선도하며  손님들에게 내 집 같은 편안함을 느낄 수 있도록 특별한 공간을 만들어 준다.","0","","본관(지상 18층/지하 6층), 신관(지상 6층/지하2층)","600명","288실","게스트룸, 스위트룸, 이그제큐티브 플로어","주차 가능(총 311대)","불가","불가","15:00","12:00","031-230-0001","<a href="http://www.ramadaplazasuwon.com" target="_blank" title="새창 : 라마다프라자 수원호텔 홈페이지로 이동">http://www.ramadaplazasuwon.com</a>","가능","비스토레(인도음식 전문점 1F), 쉐푸스(레스토랑 5F)","대연회장, 중연회장, 패밀리 파티룸, 웨딩홀, 피트니스, 사우나, 비즈니스 센터"없음,없음,없음,없음,없음,없음,없음,없음,없음,없음,없음,"객실명:이그제큐티브 디럭스
객실크기:10평
객실수:0
기준인원:2최대인원:3
※ 이용요금 및 기타 자세한 사항은 홈페이지 참조 요망
목욕시설:Y
욕조:Y
홈시어터:에어컨:Y
TV:Y
PC:케이블설치:Y
인터넷:Y
냉장고:Y
세면도구:Y
소파:취사용품:테이블:Y
드라이기:Y
객실명:디럭스(킹/트윈)
객실크기:10평
객실수:0
기준인원:2최대인원:3
※ 이용요금 및 기타 자세한 사항은 홈페이지 참조 요망
목욕시설:Y
욕조:홈시어터:에어컨:Y
TV:Y
PC:케이블설치:Y
인터넷:Y
냉장고:Y
세면도구:Y
소파:취사용품:테이블:Y
드라이기:Y
객실명:슈페리어
객실크기:8평
객실수:0
기준인원:2최대인원:3
※ 이용요금 및 기타 자세한 사항은 홈페이지 참조 요망
목욕시설:Y
욕조:Y
홈시어터:에어컨:Y
TV:Y
PC:케이블설치:Y
인터넷:Y
냉장고:Y
세면도구:Y
소파:취사용품:테이블:드라이기:Y
객실명:프리미어 스위트
객실크기:21평
객실수:0
기준인원:2최대인원:4
※ 이용요금 및 기타 자세한 사항은 홈페이지 참조 요망
목욕시설:Y
욕조:Y
홈시어터:에어컨:Y
TV:Y
PC:케이블설치:Y
인터넷:Y
냉장고:Y
세면도구:Y
소파:Y
취사용품:테이블:Y
드라이기:Y
객실명:이그제큐티브 프리미어
객실크기:12평
객실수:0
기준인원:2최대인원:3
※ 이용요금 및 기타 자세한 사항은 홈페이지 참조 요망
목욕시설:Y
욕조:홈시어터:에어컨:Y
TV:Y
PC:케이블설치:Y
인터넷:Y
냉장고:Y
세면도구:Y
소파:취사용품:테이블:Y
드라이기:Y
객실명:프레지덴셜 스위트
객실크기:41평
객실수:0
기준인원:2최대인원:4
※ 이용요금 및 기타 자세한 사항은 홈페이지 참조 요망
목욕시설:Y
욕조:Y
홈시어터:에어컨:Y
TV:Y
PC:케이블설치:Y
인터넷:Y
냉장고:Y
세면도구:Y
소파:Y
취사용품:테이블:Y
드라이기:Y
객실명:프리미어
객실크기:12평
객실수:0
기준인원:2최대인원:3
※ 이용요금 및 기타 자세한 사항은 홈페이지 참조 요망
목욕시설:Y
욕조:Y
홈시어터:에어컨:Y
TV:Y
PC:케이블설치:Y
인터넷:Y
냉장고:Y
세면도구:Y
소파:취사용품:테이블:Y
드라이기:Y
객실명:주니어 스위트
객실크기:16평
객실수:0
기준인원:2최대인원:4
※ 이용요금 및 기타 자세한 사항은 홈페이지 참조 요망
목욕시설:Y
욕조:Y
홈시어터:에어컨:Y
TV:Y
PC:케이블설치:Y
인터넷:Y
냉장고:Y
세면도구:Y
소파:Y
취사용품:테이블:Y
드라이기:Y
객실명:온돌 스위트
객실크기:19평
객실수:0
기준인원:2최대인원:4
※ 이용요금 및 기타 자세한 사항은 홈페이지 참조 요망
목욕시설:Y
욕조:Y
홈시어터:에어컨:Y
TV:Y
PC:케이블설치:Y
인터넷:Y
냉장고:Y
세면도구:Y
소파:취사용품:테이블:Y
드라이기:Y
,"
"986600","이비스 앰배서더 수원","16491","","031-230-5000","경기도 수원시 팔달구 권광로 132 ","37.2593352731","127.0313359700","이비스 앰배서더 수원 호텔은 수원의 중심지인 인계동에 위치해 있다. 호텔 근처에 다양한 편의 시설  수원시청역  인천국제공항과 김포공항 리무진 정류장이 가까이 있으며  주요 비즈니스 중심지에 위치해 있다. 이 밖에 쇼핑  레스토랑 및 다양한 문화 활동을 가까운 거리에서 즐길 수 있어 비즈니스  레저고객 모두가 선호하는 최고의 호텔이다.","0","","지상 15층 / 지하 6층","","240실","스탠다드, 슈페리어, 스위트","주차 가능(450대)","불가","불가","14:00","12:00","031-230-5000","","","","웨딩홀, 연회장, 미팅룸, 비즈니스 코너, 피트니스센터, 온욕탕, 코인세탁실"없음,없음,없음,없음,없음,없음,없음,없음,없음,없음,없음,"객실명:온돌
객실크기:7평
객실수:0
기준인원:2최대인원:0
※ 객실 가격 전화문의 요망
목욕시설:Y
욕조:홈시어터:에어컨:Y
TV:Y
PC:케이블설치:Y
인터넷:Y
냉장고:Y
세면도구:Y
소파:취사용품:테이블:드라이기:Y
객실명:더블
객실크기:6평
객실수:0
기준인원:2최대인원:2
※ 객실 가격 전화문의 요망
목욕시설:Y
욕조:홈시어터:에어컨:Y
TV:Y
PC:케이블설치:Y
인터넷:Y
냉장고:Y
세면도구:Y
소파:취사용품:테이블:드라이기:Y
객실명:트윈
객실크기:6평
객실수:0
기준인원:2최대인원:2
※ 객실 가격 전화문의 요망
목욕시설:Y
욕조:홈시어터:에어컨:Y
TV:Y
PC:케이블설치:Y
인터넷:Y
냉장고:Y
세면도구:Y
소파:취사용품:테이블:드라이기:Y
객실명:주니어 스위트
객실크기:11평
객실수:0
기준인원:2최대인원:0
※ 객실 가격 전화문의 요망
목욕시설:Y
욕조:Y
홈시어터:에어컨:Y
TV:Y
PC:케이블설치:Y
인터넷:Y
냉장고:Y
세면도구:Y
소파:Y
취사용품:테이블:Y
드라이기:Y
,"
ID,명칭,우편번호,관리자,전화번호,주소,위도,경도,개요,문의 및 안내,규모,판매품목,품목별 가격,장서는 날,개장일,영업시간,쉬는날,매장안내,주차시설,문화센터 바로가기,유모차 대여 여부,애완동물 동반 가능 여부,신용카드 가능 여부,화장실,상세정보
"2904553","올리브영 대전가수원","35368","","","대전광역시 서구 계백로 1149 ","36.3050646529","127.3508945295","-","042-543-8209","","스포츠 용품 및 의류,식료품,향수 및 화장품,기타 소매","","월~일요일","","10:30-22:30","","환급서비스 제공방식 : 사후","가능","","","","가능","완비",""
"2905594","이니스프리 수원영통","16704","","","경기도 수원시 영통구 반달로7번길 6 (영통동) ","37.2523701762","127.0740461790","-","031-203-4680","","향수 및 화장품","","월~일요일","","10:00-23:00","","환급서비스 제공방식 : 사후","가능","","","","가능","완비",""
"2907619","코오롱 캠브리지 AK수원","16622","","","경기도 수원시 팔달구 덕영대로 924 ","37.2661006090","127.0006857844","-","031-240-1430","","남성의류","","월~일요일","","10:30~21:00","명절","환급서비스 제공방식 : 즉시+사후","가능","","","","가능","완비",""
"2911752","올리브영 수원망포","16687","","","경기도 수원시 영통구 영통로 127 ","37.2387964212","127.0558093243","-","031-202-4195","","향수 및 화장품","","월~일요일","","10:00-22:30","2주 월요일","환급서비스 제공방식 : 사후","가능","","","","가능","완비",""
"2912762","올리브영 수원터미널","16584","","","경기도 수원시 권선구 덕영대로1201번길 20, 102호 ","37.2500445298","127.0227814504","-","031-224-5290","","향수 및 화장품","","월~일요일","","10:00-22:30","명절","환급서비스 제공방식 : 사후","불가능","","","","가능","",""
"2918281","올리브영 수원시청역","16491","","","경기도 수원시 팔달구 권광로 138 ","37.2599324316","127.0316414811","-","","","전자제품","","월~일요일","","10:30~22:30","명절","환급서비스 제공방식 : 사후","가능","","","","가능","완비",""
"2922662","홈플러스 서수원","16393","","","경기도 수원시 권선구 금곡로 236 (금곡동) ","37.2744571769","126.9559312809","-","031-8019-1000","","가구 및 홈데코,가죽 제품 및 가방,기타 패션 및 의류,남성의류,란제리(속옷),보석(장신구),스포츠 용품 및 의류,시계,식료품,신발,아동의류,악세서리,안경,여성의류,전자제품,향수 및 화장품,기타 소매","","월~일요일","","10:00-23:00","","환급서비스 제공방식 : 사후","가능","","","","가능","완비",""
"2922984","이마트트레이더스 수원","16682","","","경기도 수원시 영통구 삼성로 2 ","37.2461232220","127.0486097723","-","","","기념품점,식료품,기타 소매","","월~일요일","","10:00~23:00","월2회 일요일","환급서비스 제공방식 : 즉시+사후","가능","","","","가능","완비",""
"2924651","이마트 수원","16585","","","경기도 수원시 권선구 경수대로 270 ","37.2510165840","127.0196761493","-","","","가구 및 홈데코,가든 및 DIY,가죽 제품 및 가방,기념품점,기타 패션 및 의류,남성의류,란제리(속옷),보석(장신구),스포츠 용품 및 의류,시계,식료품,신발,아동의류,악세서리,안경,여성의류,전자제품,향수 및 화장품","","월~일요일","","10:30~23:30","","환급서비스 제공방식 : 사후","가능","","","","가능","완비",""
"2930212","홈플러스 동수원","16490","","","경기도 수원시 팔달구 효원로 257 ","37.2628181816","127.0301415363","-","031-231-8000","","가구 및 홈데코,가든 및 DIY,가죽 제품 및 가방,기타 패션 및 의류,남성의류,란제리(속옷),보석(장신구),스포츠 용품 및 의류,시계,식료품,신발,아동의류,악세서리,안경,여성의류,전자제품,향수 및 화장품","","월~일요일","","10:00-23:00","명절","환급서비스 제공방식 : 즉시+사후","가능","","","","가능","완비",""
"2931037","이마트 서수원","16405","","","경기도 수원시 권선구 수인로 291 ","37.2827675911","126.9708158087","-","","","가구 및 홈데코,가죽 제품 및 가방,기념품점,기타 패션 및 의류,남성의류,란제리(속옷),보석(장신구),스포츠 용품 및 의류,시계,식료품,신발,아동의류,악세서리,안경,여성의류,전자제품,향수 및 화장품","","월~일요일","","10:00~23:30","월2회 일요일","환급서비스 제공방식 : 사후","가능","","","","가능","완비",""
"2931729","이니스프리 수원성대","16360","","","경기도 수원시 장안구 서부로 2129-1 ","37.2987962984","126.9713208708","-","031-893-8244","","향수 및 화장품","","월~일요일","","09:30~21:30","명절","환급서비스 제공방식 : 사후","불가능","","","","가능","",""
"132353","수원 농수산물도매시장","16561","수원농수산물도매시장","031-228-2721","경기도 수원시 권선구 세권로 243 (권선동) ","37.2544080544","127.0307056098","수원 농수산물 도매시장은 93년 2월 27일에 개장 하였으며 농산물.수산물 직판장과  도매시장으로 구성되어 있다. 1일 9 000 여 시민이 이용하고 있고 경기 남부지역 최대의 농수산물 잡화장이다. 과일  채소  생선  활어회 등 가격이 시중보다 20 ~ 30% 저렴하다. 과일동  채소동  수산동  편의시설동(관리동) 등으로 이루어져있다.","031-228-2704","","청과부류 / 수산부류 / 단순가공품","","","1993년 2월 27일","03:00~07:00","[수산]<br>- 매월 첫째, 셋째 일요일<br>[과일/채소]<br>- 매주 일요일","","","","불가","","없음","있음",""
"2589025","수원 남문시장","16257","","","경기도 수원시 팔달구 팔달문로 9 (팔달로2가) ","37.2777940172","127.0184977300","경기도에서 가장 큰 규모를 자랑하는 수원 남문시장은 근방의 지동시장  팔달문시장  미나리광시장  못골시장  영동시장  시민상가시장  남문패션1번가시장  구천동 공구시장  남문로데오시장까지 무려 9개의 시장을 통칭해서 부르는 곳이다. 정조대왕 시절 수원화성 성안에 있는 종각 근처 종로 거리에 상설시장인 시전이 설치되었고  팔달문 밖으로는 5일장이 열렸다. 그것이 지금의 수원 남문시장의 시작이라 볼 수 있다. 

(출처 : 수원시 공식 블로그)","수원 지역경제과 031-228-3270","","식료품 / 의류 / 잡화 등","","","","점포마다 다름","연중무휴","","가능","","없음","","가능","있음",""
"2753658","북수원시장","16349","","","경기도 수원시 장안구 파장로82번길 9 (파장동) ","37.3070957089","126.9921965202","북수원 시장은 약 150개 이상의 점포가 있는 전통시장이다. 원래 명칭은 파장동 이름을 딴 ‘파장시장’이었으나 그 뜻이 파장[罷場 : 장이 끝남]을 의미를 갖고 있어 2017년 북수원 시장으로 명칭을 바꾸었다. 북수원 시장은 경수로에서 파장으로까지 약 250m 길이이며  각 시작점과 끝 지점에 입구가 있다. 시장 내에 있는 안내 지도를 이용  상점 위치를 미리 확인하면 빠른 쇼핑에 도움이 된다. 꽈배기를 비롯한 다양한 즉석 음식과 여러 가지 반찬  신선한 채소  생선  과일 등을 저렴하게 구입할 수 있다.","수원시 지역경제과 031-228-3267","","농산물 / 수산물 / 축산물 / 공산품 등","","","","점포별 상이","점포별 상이","","가능","","없음","","없음","",""
"2753666","수원역전시장","16461","","","경기도 수원시 팔달구 매산로 10-6 (매산로1가) ","37.2668977750","127.0027244661","수원역전시장은 수원역 앞에 위치한 오래된 시장이다. 건물 하나가 시장을 이루고 있는 것이 특징으로 여러 곳을 돌아다니지 않아도 한 곳에서 필요한 물건을 모두 구입할 수 있다는 장점이 있다. 지하 1층에는 베트남  태국  몽골 등 세계 각국의 현지 음식이 있는 '다문화 푸드랜드'가 있어 이국적인 음식으로 미식여행이 가능하다. 농산물  수산물  축산물  가공식품  공산품  떡 방앗간 등 판매 취급 품목이 다양하다. 시장에서 볼 수 있는 먹거리와 함께 수입 식자재를 판매하는 곳도 있어 한국과 외국  전통과 현대가 서로 공존하는 이색적인 풍경이 특징이다.","수원시 지역경제과 031-228-3267","","농산물 / 수산물 / 축산물 / 공산품 등","","","","점포별 상이","점포별 상이","","가능","","없음","","없음","",""
"562857","수원프리미엄아울렛","16956","","","경기도 용인시 기흥구 중부대로 64 ","37.2667741026","127.0761816938","수인분당선 청명역 부근에 위치한 수원프리미엄아울렛은 도심 속에서 유명 브랜드 상품을 합리적인 가격으로 만나볼 수 있다. 도심 속 주거단지 안에 위치해 가깝고  의류 및 잡화뿐 아니라 카페  식당이 있어 가족 단위 쇼핑센터로 즐겨 찾는 곳이다. 주수원과 가까이 인접해 있어 용인  기흥뿐 아니라 영통  수원  광교에서도 많이 찾아온다.
대로변에 보이는 일부 스포츠 매장뿐 아니라 안쪽으로 약 170개의 매장  150여개의 브랜드가 입점한 대규모 쇼핑센터이며  특히 골프 브랜드가 다양하게 많이 입점해 있고  출산 육아용품 전문점 중 최대규모로 유명한 영통 베이비하우스가 있어 다양한 소비자들의 발걸음을 이끈다.
흥덕IC와 수인분당선 청명역에서 차량으로 약 5분  도보 13분 소요되며  지하철역에서 한 번에 가는 버스가 있다. 인근에 에버랜드  한국민속촌  한화리조트 등이 있다.","031-204-2006","","의류 / 잡화 / 식당","","","","11:00~21:30","연중무휴","","있음","","없음","불가","가능","있음(남녀 구분)",""
"969943","국제자수원 3호점","03145","","","서울특별시 종로구 인사동길 41 ","37.5739368319","126.9847702401","1979년 개점한 국제자수원은 한국적 전통 문양을 가지고 자수(刺繡  embroidery)를 접목시킨 공예품을 전시 판매하고 있다. 특히 판매하는 모든 제품은 수공예로 제작되어 섬세하고 깊이가 있다. 국제자수원은 청와대의 귀빈들이 항상 방문하는 곳으로 유명하며  외국인 관광객을 위한 자수 강습을 체험할 수 있다.","02-723-0830","- 지상1층<br />
- 면적 82.5㎡","자수소품 및 혼수용품","","","1972년","10:00 ~ 20:30","연중무휴","1층 자수소품 매장","","","없음","","가능","화장실 완비","장애인 편의시설:없음

구입방법안내:직접 방문 구입 가능
"
ID,명칭,우편번호,관리자,전화번호,주소,위도,경도,개요,문의 및 안내,규모,좌석수,주차 시설,어린이놀이방,개업일,영업시간,쉬는날,대표메뉴,취급메뉴,할인정보,금연/흡연,신용카드정보,포장가능,예약안내,상세정보,인허가번호
"3445980","타임체임버바이스템커피 수원스타필드점","16318","","","경기도 수원시 장안구 수성로 175 (정자동) 4층","37.2874813034","126.9915582378","공부와 업무를 위한 작업실에서 휴식을 위한 라운지까지 있는 카페이다.","031-690-1451","null","","","0","","매일 10:00 - 22:00","연중무휴","코코바닐라,리치화이트,바닐라 빈 크림 라떼","카페라뗴,카푸치노,콜드 블,청송 사과 얼그레이","","","","","","",""
"2745736","리틀본수원갈비집","16271","","","경기도 수원시 장안구 정조로933번길 20 (영화동) ","37.2906090763","127.0115757775","갈비탕이 맛있는 갈비집이다. 큼직한 뼈가 아닌 푸짐한 갈비살이 한가득 나와 먹기 편할 뿐 아니라 든든한 한 끼로 만족할 만한 양이다. 갈비살 구이도 푸짐하고 저렴해 가성비가 좋다. 공기밥은 쌀밥이 아닌 흑미밥을 고수하고 있으며 동치미에 깍두기  양배추가 밑반찬으로 제공되는데 부족하면 셀프 바를 이용 얼마든지 추가할 수 있다.","031-241-8434","null","","가능","0","","- 11:00~20:30<br>- 마지막 주문 19:30","매주 월요일 / 화요일","갈비탕","양념소갈비살 / 생소갈비살 / 된장찌개 / 누룽지 등","","","없음","가능","","화장실:있음
","19920271096"
"2751109","백세삼계탕 수원파장본점","16207","","","경기도 수원시 장안구 경수대로 1200 (파장동) ","37.3180971534","126.9889409533","백세삼계탕은 면역력 강화에 좋은 독특한 삼계탕으로 인기 있는 집이다. 상황삼계탕과 한방삼계탕  전복닭죽과 닭발편육이 주메뉴인데  특히 삼계탕 국물이 맑지 않고 걸쭉한 게 특징이다. 상황버섯에 각종 견과류  인삼  마늘  생강 등 몸에 좋은 것들을 우려내며 보양식으로 달였다. 마지막 한 숟가락까지 멈출 수 없는 보양죽도 인기이다. 주차장은 120대가 동시에 주차할 만큼 넓고  TV프로그램과 다양한 매체를 통해 많이 방송된 집이다. 사계절 언제나 먹을 수 있는 면역력 강화와 몸보신에 좋은 삼계탕 전문점이다.","0507-1384-5889","null","","가능 (120대)","0","","10:30~21:10 (마지막 주문 20:30)","연중무휴","상황삼계탕","한방삼계탕 / 전복상황닭죽 / 닭발편육 등","","","없음","","","화장실:있음

","20190276003"
"2753370","옛수원가든","18516","","","경기도 화성시 정남면 세자로303번길 15-12 ","37.1931891856","126.9771177314","옛수원가든은 넓은 실내  실외 공간이 구분되어 있으며 외부 테이블에서는 반려견을 동반하여 식사할 수 있다. 바비큐 스타일로 캠핑 분위기를 내며 고기를 직접 굽거나 오리 백숙 같은 탕 위주의 메뉴를 주문할 수 있다. 식당 바로 앞이 보통리저수지 산책길로 이어져 식후 산책하기 좋다.  보통리저수지는 노을과 연꽃이 아름다운 데이트  드라이브 코스이기도 하다.","031-352-8652","null","","가능","0","","10:00~21:30","명절 당일","생등심","능이닭백숙 / 오리훈제 / 소갈비 / 소양념갈비 / 한우육회 등","","","가능","","","화장실:있음

","19900364064"
"2754026","백세짬뽕 수원본점","16207","","","경기도 수원시 장안구 경수대로 1196-3 (파장동) ","37.3179193967","126.9889576233","백세짬뽕은 해물과 신선한 야채와 닭을 푹 우려내어 기본 육수가 진하다. 감칠맛을 내는 해물과 야채를 풍족하게 넣고 불맛을 입혀 깊고 시원한 맛을 낸다. 면은 상황버섯을 우려내어 반죽한 건강 숙성 면을 사용한다. 육수  소스  반죽 등 모든 조리를 주방에서 직접 하며  오픈형 주방으로 청결 관리를 매우 엄격히 하여 손님들이 안심하고 드실 수 있도록 노력하는 음식점이다.","0507-1491-7888","null","","가능","0","","- 10:30~21:10<br>- 마지막 주문 20:30","연중무휴","백세짬뽕","차돌짬뽕 / 백세짜장 / 맑은짬뽕 등","","","없음","","","화장실:있음
","20190276004"
"2831004","남수원갈비","16569","","","경기도 수원시 권선구 권선로 631 (권선동) ","37.2611098788","127.0207702122","남수원갈비는 오래된 전통 갈비 맛집이다. 수원 분당선 매교역 2번 출구에서 도보로 가깝다. 승용차를 이용할 경우 식당 외부에 주차 안내가 현수막으로 걸려 있어 주차장을 찾기 쉽다. 깔끔하고 넓은 매장에 단체석도 준비되어 있어 가족 모임이나 회식으로 적합하다. 유아 동반가족을 위한 아기 의자도 따로 마련되어 있다.","0507-1341-5576","null","","가능","0","","- 11:00~22:00<br>- 마지막 주문 21:30","연중무휴","남수원왕갈비","양념LA갈비 / 국내산오겹살 / 소생갈비 등","","","","가능","","화장실:있음
","19980273213"
"2831490","서수원숯불갈비","16381","","","경기도 수원시 권선구 금곡로31번길 37-19 (금곡동) ","37.2704628258","126.9351693882","서수원숯불갈비는 수원시 권선구 금곡동에 있는 소고기 전문점이다. 2층 건물이 자연에 둘러싸여 있지만  서수원본가숯불갈비라는 간판이 눈에 띈다. 가게 앞에 넓은 텃밭에는 쌈 채소 등을 직접 키우고 있어 신선한 채소를 맛볼 수 있다. 텃밭과 식당 사이에 넓은 주차장이 마련되어 있어 주차에 어려움이 없다. 외부와 내부에 각각 테이블이 넉넉히 배치되어 있고 룸도 준비되어 있어 가족 모임이나 회식 장소로도 적합하다. 가성비 좋은 한우와 수입 소고기를 취급하며 점심에는 점심 특선메뉴가 다양하게 준비되어 있다.","031-291-7798","null","","가능","0","","- 11:00~21:30<br>- 준비시간(평일) 15:00~16:30<br>- 마지막 주문 21:00","매주 월요일 (단, 월요일이 공휴일인 경우 정상 영업)","명품 한우 꽃등심","수제돼지갈비 / 살치살 / 안창살한판 등","","","","가능","","화장실:있음
","20000273428"
"2844760","북수원화로","16341","","","경기도 수원시 장안구 천천로 233 (이목동) ","37.3112394307","126.9786031948","북수원화로는 장안구 이목동에 있는 대형 고깃집이다. 1층을 제외한 2  3층은 단체석으로 가족 모임  회식  피로연 등 최대 100인까지 수용할 수 있는 자리가 다양하게 준비되어 있다. 대표 메뉴는 국내산 돼지고기를 이용한 돼지갈비이다  주문 후 추가 반찬은 셀프 바에 준비되어 있어 편하게 이용할 수 있고 직접 갈아 만든 단호박죽과 둥굴레차가 무료로 제공되고 있다. 식사 후 즐길 수 있는 티와 커피  뻥튀기 등 후식도 매장 입구에 골고루 준비되어 있다.","1661-3563","null","","가능","0","","10:00~22:00","연중무휴","한돈갈비","목살 왕 소금 / 생 삼겹살 / 소 생갈비 등","","","","가능","","화장실:있음
","20070271005"
"2848347","고기잡이 수원본점","16705","","","경기도 수원시 영통구 청명북로7번길 8-1 (영통동) ","37.2527396622","127.0787874053","고기잡이 수원 본점은 영통역 수원우편집중국 근처 먹자골목에 있는 남도음식전문점이다. 목포  홍도  무안 지역 등에서 산지 직송한 각종 제철 생물만 사용한다. 주차는 3대 정도 매장 앞에 할 수 있다. 매장 안에는 테이블로 되어 있고 칸막이가 설치되어 있다. 룸도 2개 있어서 예약하면 이용할 수 있다. 이 식당은 단품  코스로 다양한 메뉴가 있다. 계절마다 해산물이 변동될 수 있어 다양한 해산물을 맛볼 수 있는 장점이 있다. 포장과 배달이 되어 신선한 해산물을 집에서도 맛볼 수 있다.","031-204-8835","null","","가능","0","","- 11:10~22:00<br>- 준비시간 15:00~16:30","연중무휴","민어코스","병어 조림 / 민어곰탕 / 생선구이정식 등","","","","가능","가능","화장실:있음
","20080269269"
"2860128","장수원","06558","","","서울특별시 서초구 방배중앙로 153 방배빌딩 ","37.4929157178","126.9863668303","장수원은 서울시 서초구 방배동에 있는 평양냉면과 불고기 맛집이다. 지하철 4호선과 7호선 총신대입구역 또는 이수역 1번 출구 방배동 카페 골목 초입에 있다. 1975년부터 명동  청량리 일대에서 시작해 방배동에 확장 오픈한 평양냉면과 불고기 전문점으로 주차는 카페거리 노상 공용주차장(한 시간 단위 계산 오후 8시 이후 무료)에 할 수 있다. 평양냉면은 고기 육수와 동치미를 배합한 국물과 매일 직접 제분한 메밀면으로 만든다. 불고기를 다 먹은 뒤에는 남은 국물에 메밀면을 추가하여 먹을 수 있다. 그 밖에 수육과 편육  국밥  만두 등 다양한 메뉴가 있다. 농림축산식품부 제공 안심식당이다. 식당 주변에 뒷벌어린이공원  헤밍웨이길  몽마르뜨공원이 있어 식사 후 산책하기 좋다.","02-532-2225","null","","있음 / 발렛비 2,000원 / 공용주차장 1시간 3,000원","0","","10:30~21:30","연중무휴","한우불고기, 평양냉면","장수불고기, 돈육불고기, 장수갈비, 수육, 편육, 장수국밥","","","가능","가능","가능","부대시설:단체석
","20060098172"
"2866447","이서방왕족발보쌈 수원본점","16579","","","경기도 수원시 권선구 세권로 134 (세류동) ","37.2568464524","127.0190260454","이서방족발보쌈 수원본점은 권선구 세류동에 있는 족발 전문점이다. 가게 앞에 주차할 수 있는 공간이 있지만 협소한 편이다. 길가 건물 1층에 있는 이 식당은 신발 벗고 들어가는 넓은 매장으로 테이블이 많이 있고 각종 모임을 할 수 있는 단체석과 룸도 마련되어 있다. 1993년 오픈한 이 식당은 메뉴에 선택 사항을 넣어 손님들의 입맛에 최대한 맞추기 위해 노력하고 있다. 족발은 따뜻한 족발  차가운 족발로 나눠 따뜻한 족발은 부드러운 식감을 자랑하고 차가운 족발은 쫄깃한 식감을 자랑한다. 불족발은 맵기 상  중  하로 구분되며 요청 없을 시 중간 맛으로 제공된다. 보쌈의 경우 삼겹살 위주  살코기 위주  반반이 되며 특별한 요청이 없으면 삼겹살 또는 반반으로 제공된다. 수원시 모범업소인 이곳은 전 메뉴 포장되며 방문 포장 시 할인해준다.","0507-1373-5515","null","","가능","0","","- 11:00~23:00<br>- 준비시간 15:00~15:30<br>- 마지막 주문 22:30","연중무휴","족발","보쌈 / 매운 불족발 / 냉채족발 등","","","","가능","","","20080273023"
"2867652","수원만두","16257","","","경기도 수원시 팔달구 창룡대로8번길 6 (팔달로1가) ","37.2815852250","127.0173977239","수원만두는 화성행궁 근처에 있는 화교가 직접 운영하는 중국식 만두 전문 식당이다. 하얀색 건물로 가게 앞에 주차를 할 수 있지만 협소하여 근처 공영주차장을 이용하는 게 편리하다. 고풍스러운 인테리어가 돋보이는 식당 내부엔 사각형과 원형의 다양한 테이블로 구성되어 있다. 근처에 수원통닭거리가 있고 지동시장 순대타운  수원 화성박물관 등의 볼거리가 있다.","031-255-5526","null","","","0","","11:30~21:00","연중무휴","군만두","찐만두 / 소고기탕면 / 볶음면 등","","","","","","","19810267038"
"2875941","풍수원식당","25200","","","강원특별자치도 횡성군 경강로 173 ","37.5277684911","127.8166654448","풍수원식당은 강원도 횡성군에 있는 백반 식당이다. 청국장찌개  김치찌개  된장찌개 등을 식사 메뉴로 하고 있고  곁들임 음식으로 감자부침  도토리묵  오징어볶음을 추가해서 즐길 수 있다. 찌개 메뉴에는 밥과 생선조림을 포함한 9가지의 반찬이 차려진다. 된장  청국장 모두 장을 직접 담아서 음식을 만들고 있다. 청국장은 식당 근처에 주인장의 형제분이 판매하는 매장이 있어 구매도 가능하다. 근처에 천주교 성지인 풍수원 성당도 있고 골프장도 많아 라운딩을 나온 분들이 가볍게 식사하기 위해 많이 방문한다. 주차는 매장 앞과 옆쪽에 공간이 있어 주차를 할 수 있다.","033-342-0151","null","","가능","0","","10:00~19:00 (브레이크타임 15:00~17:00)","연중무휴","청국장찌개","김치찌개 / 된장찌개 / 감자부침 / 도토리묵 / 오징어볶음 등","","","","","","","19970395105"
"2904242","채상궁 수원본점","16321","","","경기도 수원시 팔달구 수성로157번길 5-7 (화서동) ","37.2862536345","126.9896945527","채상궁 수원본점은 1호선 화서역 근처에 있는 샤부샤부 전문점이다. 노란색 배경이 돋보이는 외관으로 건물 지하와 지상에 주차장이 있어 편하게 주차할 수 있다. 깔끔하고 넓은 내부에는 원목 테이블이 여유롭게 배치되어 있고 신발을 벗고 들어가야 한다.  고기를 제외한 야채와 육수는 셀프 코너에 준비되어 편하게 이용할 수 있다. 궁궐에서 사용할 것 같은 신선하고 질 좋은 재료를 매일 준비한다.","031-269-8600","null","","가능","0","","- 11:00~21:30<br>- 마지막 주문 20:30","연중무휴","소고기샤브샤브","오리보쌈 샤브샤브","","","","","","화장실:있음
","20000267397"
"2910622","과수원세레나데","51107","","","경상남도 창원시 의창구 동전로 179-71 ","35.3110524786","128.5950113903","르꼬르동블루를 졸업한 파티시에와 티소믈리에 부부가 운영하는 팜카페 과수원세레나데는 베이커리 및 초콜릿 전문 카페이다. 100% 동물성 우유 버터와 생크림을 사용해서 디저트와 음료를 만들며 초콜릿 또한 코팅초콜릿이 아닌 스위스 펠클린  프랑스발로나 브랜드의 100% 카카오버터가 들어간 고급 초콜릿을 사용한다. 유기농 밀가루를 사용하며 과일과 농산물은 지역 농가에서 수급한다. 야외 정원은 물론 토끼  거위 등 동물들도 볼 수 있어 아이와 함께 가기도 좋은 곳이다. 가까운 곳에 북면수변생태공원과 주남저수지가 있어 함께 둘러보기 좋다.","0507-1356-5001","null","","있음/주차요금 무료","0","","10:30~19:30, 19:00 라스트 오더","매주 월요일, 화요일","요크셔 골드 밀크티","창원블루베리우유, 딸기레몬티, 홍차, 빙수, 케이크 등","","","가능","가능","","화장실:남녀구분
","20200581498"
